empresa_id,equipo_id,nom_equipo,propiedad,cudn,tipo_equipo,alimentador_id,nodo_id,tramo_id,estado,tipo_inst,fases_id,ubicación_prot,tension_nom,cap_diseno,Coci_ikss,Coci_iasym,Coci_Ipeak,Coci_Ik,telecomandado,tipo_operacion,datum,zona,x,y,long,lat
18,677,Interrupt.General MT ubicado en soporte placa -221,Inst. de prop. terce,QA3AA30N01N0000,Desconectadores Fusibles,677,38635733,,Normalment,Aéreo,RST,,,0.000,,,,,,No Aplica,PSAD56,19,186750.234,5702479.665,-72.60779110,-38.77343260
18,415483,DF 8kAR 2F¸ Placa 651167,Inst. de distribució,QC2AA10S01A0010,Desconectadores Fusibles,677,38087708,,Normalment,Aéreo,RS,,,10.000,5.300,8.000,,,,No Aplica,PSAD56,19,182064.842,5700672.423,-72.66244940,-38.78800890
18,416723,DF 8kAR 3F¸ Placa 157445,Inst. de distribució,QC3AA10W01A0100,Desconectadores Fusibles,677,39408050,,Normalment,Aéreo,RST,,,100.000,5.300,8.000,,,,No Aplica,PSAD56,19,181501.760,5702351.707,-72.66814450,-38.77270420
18,416839,DF 8kAR 2ø ubicado en soporte placa 255119,Inst. de distribució,QC2AA10S01A0010,Desconectadores Fusibles,677,39723287,,Normalment,Aéreo,RS,,,10.000,5.300,8.000,,,,No Aplica,PSAD56,19,181055.951,5699877.913,-72.67440880,-38.79478940
18,416976,DF 8kAR 2F¸ Placa 158335,Inst. de distribució,QC2AA10S01A0010,Desconectadores Fusibles,677,39636723,,Normalment,Aéreo,RS,,,10.000,5.300,8.000,,,,No Aplica,PSAD56,19,173170.304,5699210.864,-72.76533300,-38.79789930
18,416997,DF 8kAR 2ø ubicado en soporte placa 165309,Inst. de distribució,QC2AA10S01A0010,Desconectadores Fusibles,677,39912978,,Normalment,Aéreo,RS,,,10.000,5.300,8.000,,,,No Aplica,PSAD56,19,174878.236,5699088.788,-72.74576540,-38.79962860
18,417024,DF 8kAR 2ø ubicado en soporte placa 158316,Inst. de distribució,QC2AA10S01A0010,Desconectadores Fusibles,677,40134842,,Normalment,Aéreo,RS,,,10.000,5.300,8.000,,,,No Aplica,PSAD56,19,171796.595,5698588.542,-72.78141340,-38.80298460
18,417141,DF 8kAR 2F¸ Placa 271437,Inst. de distribució,QC2AA10S01A0010,Desconectadores Fusibles,677,40285948,,Normalment,Aéreo,RS,,,10.000,5.300,8.000,,,,No Aplica,PSAD56,19,170548.194,5699919.671,-72.79512290,-38.79055000
18,417210,SC 300A 3ø ubicado en soporte placa 157487,Inst. de distribució,QC3AB1BW01A0300,Desconectadores cuchillo,677,37722031,,Normalment,Aéreo,RST,,,300.000,,,,,,Motorizado,PSAD56,19,184721.640,5702793.905,-72.63095280,-38.76988390
18,417264,DF 8kAR 2ø ubicado en soporte placa 165379,Inst. de distribució,QC2AA10S01A0010,Desconectadores Fusibles,677,38752628,,Normalment,Aéreo,RS,,,10.000,5.300,8.000,,,,No Aplica,PSAD56,19,177123.768,5700339.561,-72.71937630,-38.78920670
18,417928,DF 8kAR 2ø ubicado en soporte placa 158046,Inst. de distribució,QC2AA10S01A0010,Desconectadores Fusibles,677,38206424,,Normalment,Aéreo,RS,,,10.000,5.300,8.000,,,,No Aplica,PSAD56,19,177911.460,5701721.898,-72.70968090,-38.77706430
18,420814,DF 8kAR 2ø ubicado en soporte placa 158115,Inst. de distribució,QC2AA10S01A0010,Desconectadores Fusibles,677,38648899,,Normalment,Aéreo,RS,,,10.000,5.300,8.000,,,,No Aplica,PSAD56,19,178370.070,5700775.350,-72.70485350,-38.78574340
18,421738,DF 8kAR 2ø ubicado en soporte placa 165397,Inst. de distribució,QC2AA10S01A0010,Desconectadores Fusibles,677,38159700,,Normalment,Aéreo,RS,,,10.000,5.300,8.000,,,,No Aplica,PSAD56,19,177323.742,5700526.912,-72.71699100,-38.78759520
18,421933,DF 8kAR 2ø ubicado en soporte placa 165758,Inst. de distribució,QC2AA10S01A0010,Desconectadores Fusibles,677,38395451,,Normalment,Aéreo,RS,,,10.000,5.300,8.000,,,,No Aplica,PSAD56,19,175703.489,5698921.949,-72.73636090,-38.80143290
18,421971,DF 8kAR 2ø ubicado en soporte placa 165429,Inst. de distribució,QC2AA10S01A0010,Desconectadores Fusibles,677,38777632,,Normalment,Aéreo,RS,,,10.000,5.300,8.000,,,,No Aplica,PSAD56,19,176598.727,5700542.864,-72.72531350,-38.78718620
18,422059,DF 8kAR 2ø ubicado en soporte placa 157561,Inst. de distribució,QC2AA10S01A0010,Desconectadores Fusibles,677,39184941,,Normalment,Aéreo,RS,,,10.000,5.300,8.000,,,,No Aplica,PSAD56,19,182547.914,5701715.531,-72.65641900,-38.77880230
18,422073,DF 8kAR 2ø ubicado en soporte placa 681159,Inst. de distribució,QC2AA10S01A0010,Desconectadores Fusibles,677,39095324,,Normalment,Aéreo,RS,,,10.000,5.300,8.000,,,,No Aplica,PSAD56,19,176878.598,5700514.782,-72.72211110,-38.78754130
18,422074,DF 8kAR 2F¸ Placa 158329,Inst. de distribució,QC2AA10S01A0010,Desconectadores Fusibles,677,39310413,,Normalment,Aéreo,RS,,,10.000,5.300,8.000,,,,No Aplica,PSAD56,19,172811.505,5699010.383,-72.76955080,-38.79956890
18,422075,DF 8kAR 2F¸ Placa 1050784,Inst. de distribució,QC2AA10S01A0010,Desconectadores Fusibles,677,38119235,,Normalment,Aéreo,RS,,,10.000,5.300,8.000,,,,No Aplica,PSAD56,19,168977.102,5700736.666,-72.81278080,-38.78261570
18,422157,DF 8kAR 2F¸ Placa 980856,Inst. de distribució,QC2AA10S01A0010,Desconectadores Fusibles,677,40313245,,Normalment,Aéreo,RS,,,10.000,5.300,8.000,,,,No Aplica,PSAD56,19,186472.582,5703418.784,-72.61055470,-38.76488810
18,422611,SC 300A 3ø ubicado en soporte placa 157402,Inst. de distribució,QC3AB1BW01A0300,Desconectadores cuchillo,677,38176819,,Normalment,Aéreo,RST,,,300.000,,,,,,Motorizado,PSAD56,19,184200.591,5702636.786,-72.63701020,-38.77111060
18,422642,DF 8kAR 3F¸ Placa 157333,Inst. de distribució,QC3AA10W01A0100,Desconectadores Fusibles,677,40281873,,Normalment,Aéreo,RST,,,100.000,5.300,8.000,,,,No Aplica,PSAD56,19,186394.110,5703699.491,-72.61132870,-38.76233570
18,422711,DF 8kAR 3F¸ Placa 206989,Inst. de distribució,QC3AA10W01A0100,Desconectadores Fusibles,677,40046991,,Normalment,Aéreo,RST,,,100.000,5.300,8.000,,,,No Aplica,PSAD56,19,186228.750,5703893.534,-72.61314000,-38.76053180
18,426588,DF 8kAR 2ø ubicado en soporte placa 157588,Inst. de distribució,QC2AA10S01A0010,Desconectadores Fusibles,677,37869781,,Normalment,Aéreo,RS,,,10.000,5.300,8.000,,,,No Aplica,PSAD56,19,181734.393,5700341.553,-72.66639890,-38.79086520
18,426592,DF 8kAR 2ø ubicado en soporte placa 158090,Inst. de distribució,QC2AA10S01A0010,Desconectadores Fusibles,677,38413288,,Normalment,Aéreo,RS,,,10.000,5.300,8.000,,,,No Aplica,PSAD56,19,178026.235,5700771.094,-72.70880590,-38.78565620
18,426823,DF 8kAR 2F¸ Placa 942645,Inst. de distribució,QC2AA10S01A0010,Desconectadores Fusibles,677,40097389,,Normalment,Aéreo,RS,,,10.000,5.300,8.000,,,,No Aplica,PSAD56,19,171826.638,5698619.489,-72.78105340,-38.80271750
18,426881,DF 8kAR 2ø ubicado en soporte placa 165406,Inst. de distribució,QC2AA10S01A0010,Desconectadores Fusibles,677,38693947,,Normalment,Aéreo,RS,,,10.000,5.300,8.000,,,,No Aplica,PSAD56,19,175920.213,5700364.124,-72.73319290,-38.78854430
18,9180973,55102,Inst. de distribució,QC2AB1BW01A0300,Desconectadores cuchillo,677,37813838,,Normalment,Aéreo,RS,,,300.000,,,,,,Motorizado,PSAD56,19,177350.030,5700545.671,-72.71668020,-38.78743610
18,426971,DF 8kAR 2ø ubicado en soporte placa 158377,Inst. de distribució,QC2AA10S01A0010,Desconectadores Fusibles,677,39787961,,Normalment,Aéreo,RS,,,10.000,5.300,8.000,,,,No Aplica,PSAD56,19,175275.478,5700174.352,-72.74068980,-38.79001360
18,427007,DF 8kAR 2ø ubicado en soporte placa 165333,Inst. de distribució,QC2AA10S01A0010,Desconectadores Fusibles,677,38938075,,Normalment,Aéreo,RS,,,10.000,5.300,8.000,,,,No Aplica,PSAD56,19,175633.134,5699438.247,-72.73692650,-38.79676440
18,427209,DF 8kAR 2F¸ Placa 269911,Inst. de distribució,QC2AA10S01A0010,Desconectadores Fusibles,677,39981266,,Normalment,Aéreo,RS,,,10.000,5.300,8.000,,,,No Aplica,PSAD56,19,170507.438,5699958.717,-72.79557250,-38.79018370
18,427254,SC 300A 3ø ubicado en soporte placa 157486,Inst. de distribució,QC3AB1BW01A0300,Desconectadores cuchillo,677,38935072,,Normalment,Aéreo,RST,,,300.000,,,,,,Motorizado,PSAD56,19,184723.357,5702793.717,-72.63093320,-38.76988630
18,427552,DF 8kAR 3ø ubicado en soporte placa 158007,Inst. de distribució,QC3AA10W01A0100,Desconectadores Fusibles,677,38340721,,Normalment,Aéreo,RST,,,100.000,5.300,8.000,,,,No Aplica,PSAD56,19,179917.118,5702184.573,-72.68642550,-38.77363360
18,428254,DF 8kAR 3F¸ Placa 267642,Inst. de distribució,QC3AA10W01A0100,Desconectadores Fusibles,677,40307388,,Normalment,Aéreo,RST,,,100.000,5.300,8.000,,,,No Aplica,PSAD56,19,186498.447,5703441.651,-72.61024720,-38.76469160
18,431085,DF 8kAR 3ø ubicado en soporte placa 157451,Inst. de distribució,QC3AA10W01A0100,Desconectadores Fusibles,677,37741649,,Normalment,Aéreo,RST,,,100.000,5.300,8.000,,,,No Aplica,PSAD56,19,186373.731,5703732.656,-72.61154770,-38.76203020
18,431435,DF 8kAR 2ø ubicado en soporte placa 157849,Inst. de distribució,QC2AA10S01A0010,Desconectadores Fusibles,677,38121109,,Normalment,Aéreo,RS,,,10.000,5.300,8.000,,,,No Aplica,PSAD56,19,179415.176,5701375.132,-72.69256730,-38.78073040
18,431521,DF 8kAR 2F¸ Placa 255116,Inst. de distribució,QC2AA10S01A0010,Desconectadores Fusibles,677,39030726,,Normalment,Aéreo,RS,,,10.000,5.300,8.000,,,,No Aplica,PSAD56,19,172730.556,5696979.006,-72.77144520,-38.81780450
18,431656,DF 8kAR 2F¸ Placa 41957,Inst. de distribució,QC2AA10S01A0010,Desconectadores Fusibles,677,37835934,,Normalment,Aéreo,RS,,,10.000,5.300,8.000,,,,No Aplica,PSAD56,19,170985.998,5699496.652,-72.79029480,-38.79451710
18,431715,DF 8kAR 2F¸ Placa 42193,Inst. de distribució,QC2AA10S01A0010,Desconectadores Fusibles,677,39311007,,Normalment,Aéreo,RS,,,10.000,5.300,8.000,,,,No Aplica,PSAD56,19,173470.298,5701025.512,-72.76102730,-38.78169340
18,431759,DF 8kAR 2ø ubicado en soporte placa 269922,Inst. de distribució,QC2AA10S01A0010,Desconectadores Fusibles,677,38282497,,Normalment,Aéreo,RS,,,10.000,5.300,8.000,,,,No Aplica,PSAD56,19,169925.292,5700498.825,-72.80200230,-38.78510960
18,431780,DF 8kAR 2ø ubicado en soporte placa 158082,Inst. de distribució,QC2AA10S01A0010,Desconectadores Fusibles,677,39163985,,Normalment,Aéreo,RS,,,10.000,5.300,8.000,,,,No Aplica,PSAD56,19,177932.201,5701285.289,-72.70964630,-38.78099800
18,431816,DF 8kAR 2ø ubicado en soporte placa 165339,Inst. de distribució,QC2AA10S01A0010,Desconectadores Fusibles,677,38981970,,Normalment,Aéreo,RS,,,10.000,5.300,8.000,,,,No Aplica,PSAD56,19,176047.550,5699534.489,-72.73211940,-38.79605130
18,431837,DF 8kAR 2ø ubicado en soporte placa 585857,Inst. de distribució,QC2AA10S01A0010,Desconectadores Fusibles,677,39336759,,Normalment,Aéreo,RS,,,10.000,5.300,8.000,,,,No Aplica,PSAD56,19,181054.508,5700567.939,-72.67410640,-38.78858360
18,432199,SC 300A 3ø ubicado en soporte placa 157328,Inst. de distribució,QC3AB1BW01A0300,Desconectadores cuchillo,677,38817123,,Normalment,Aéreo,RST,,,300.000,,,,,,Motorizado,PSAD56,19,186533.904,5703781.698,-72.60968560,-38.76164600
18,432216,DF 8kAR 2ø ubicado en soporte placa 969113,Inst. de distribució,QC2AA10S01A0010,Desconectadores Fusibles,677,39095534,,Normalment,Aéreo,RS,,,10.000,5.300,8.000,,,,No Aplica,PSAD56,19,173394.543,5697804.297,-72.76342260,-38.81063000
18,432498,DF 8kAR 3ø ubicado en soporte placa 158063,Inst. de distribució,QC3AA10W01A0100,Desconectadores Fusibles,677,38943870,,Normalment,Aéreo,RST,,,100.000,5.300,8.000,,,,No Aplica,PSAD56,19,177380.098,5701945.363,-72.71568070,-38.77486060
18,433151,DF 8kAR 3ø ubicado en soporte placa 42228,Inst. de distribució,QC3AA10W01A0100,Desconectadores Fusibles,677,39409696,,Normalment,Aéreo,RST,,,100.000,5.300,8.000,,,,No Aplica,PSAD56,19,181899.953,5702489.204,-72.66350690,-38.77161130
18,1873750,DF 8kAR 2F¸ Placa 165399,Inst. de distribució,QC2AA10S01A0010,Desconectadores Fusibles,677,37636135,,Normalment,Aéreo,RS,,,10.000,5.300,8.000,,,,No Aplica,PSAD56,19,177429.582,5700601.419,-72.71574020,-38.78696390
18,2017632,DF 8kAR 3F¸ Placa 157396,Inst. de distribució,QC3AA10W01A0100,Desconectadores Fusibles,677,38394659,,Normalment,Aéreo,RST,,,100.000,5.300,8.000,,,,No Aplica,PSAD56,19,184459.868,5702713.759,-72.63399660,-38.77051110
18,2018186,DF 8kAR 2F¸ Placa 157897,Inst. de distribució,QC2AA10S01A0010,Desconectadores Fusibles,677,37842348,,Normalment,Aéreo,RS,,,10.000,5.300,8.000,,,,No Aplica,PSAD56,19,178752.382,5700653.362,-72.70051780,-38.78697970
18,2099824,DF 8kAR 3ø ubicado en soporte placa 255269,Inst. de prop. terce,QC3AA10W01A0100,Desconectadores Fusibles,677,39443799,,Normalment,Aéreo,RST,,,100.000,5.300,8.000,,,,No Aplica,PSAD56,19,186531.638,5703987.464,-72.60961830,-38.75979470
18,2100251,DF 8kAR 3F¸ Placa 583432,Inst. de prop. terce,QC3AA10W01A0100,Desconectadores Fusibles,677,39924496,,Normalment,Aéreo,RST,,,100.000,5.300,8.000,,,,No Aplica,PSAD56,19,186381.229,5703990.114,-72.61134470,-38.75971740
18,2186511,DF 8kAR 3F¸ Placa 157495,Inst. de distribució,QC3AA10W01A0100,Desconectadores Fusibles,677,38102760,,Normalment,Aéreo,RST,,,100.000,5.300,8.000,,,,No Aplica,PSAD56,19,184268.584,5702681.327,-72.63620880,-38.77073440
18,2189006,DF 8kAR 3F¸ Placa 157335,Inst. de prop. terce,QC3AA10W01A0100,Desconectadores Fusibles,677,40330849,,Normalment,Aéreo,RST,,,100.000,5.300,8.000,,,,No Aplica,PSAD56,19,186433.005,5703644.051,-72.61090710,-38.76284810
18,2190361,DF 8kAR 2ø ubicado en soporte placa 157479,Inst. de distribució,QC2AA10S01A0010,Desconectadores Fusibles,677,40279944,,Normalment,Aéreo,RS,,,10.000,5.300,8.000,,,,No Aplica,PSAD56,19,185250.991,5702994.360,-72.62478040,-38.76827020
18,2193926,DF 8kAR 3F¸ Placa 157307,Inst. de prop. terce,QC3AA10W01A0100,Desconectadores Fusibles,677,38016031,,Normalment,Aéreo,RST,,,100.000,5.300,8.000,,,,No Aplica,PSAD56,19,186670.729,5702913.693,-72.60850760,-38.76950100
18,2194156,DF 8kAR 3ø ubicado en soporte placa 157303,Inst. de prop. terce,QC3AA10W01A0100,Desconectadores Fusibles,677,38931633,,Normalment,Aéreo,RST,,,100.000,5.300,8.000,,,,No Aplica,PSAD56,19,186720.953,5702680.296,-72.60803650,-38.77161790
18,2205036,DF 8kAR 2F¸ Placa 157343,Inst. de prop. terce,QC2AA10S01A0010,Desconectadores Fusibles,677,38750679,,Normalment,Aéreo,RS,,,10.000,5.300,8.000,,,,No Aplica,PSAD56,19,186220.986,5703210.999,-72.61353910,-38.76666740
18,2242326,DF 8kAR 2F¸ Placa 576519,Inst. de distribució,QC2AA10S01A0010,Desconectadores Fusibles,677,40339085,,Normalment,Aéreo,RS,,,10.000,5.300,8.000,,,,No Aplica,PSAD56,19,175917.421,5701652.319,-72.73262030,-38.77695960
18,2249768,DF 8kAR 2F¸ Placa 576313,Inst. de distribució,QC2AA10S01A0010,Desconectadores Fusibles,677,37641812,,Normalment,Aéreo,RS,,,10.000,5.300,8.000,,,,No Aplica,PSAD56,19,170601.681,5699878.605,-72.79452800,-38.79093920
18,4891211,DF 8kAR 3ø ubicado en soporte placa 157384,Inst. de prop. terce,QC3AA10W01A0100,Desconectadores Fusibles,677,37875421,,Normalment,Aéreo,RST,,,100.000,5.300,8.000,,,,No Aplica,PSAD56,19,184962.988,5702839.277,-72.62815960,-38.76956210
18,5248481,DF 8kAR 2F¸ Placa 268849,Inst. de distribució,QC2AA10W01A0100,Desconectadores Fusibles,677,,,Normalment,Aéreo,RS,,,100.000,5.300,8.000,,,,No Aplica,PSAD56,19,169823.834,5700820.057,-72.80301420,-38.78218330
18,5484065,DF 8kAR 2ø ubicado en soporte placa 668935,Inst. de prop. terce,QC2AA10S01A0001,Desconectadores Fusibles,677,38070933,,Normalment,Aéreo,RS,,,1.000,5.300,8.000,,,,No Aplica,PSAD56,19,180235.656,5702014.747,-72.68284490,-38.77527630
18,5526478,DF 8kAR 2F¸ Placa 265768,Inst. de distribució,QC2AA10W01A0100,Desconectadores Fusibles,677,38983894,,Normalment,Aéreo,RS,,,100.000,5.300,8.000,,,,No Aplica,PSAD56,19,182073.688,5700730.778,-72.66232080,-38.78748730
18,5909406,67770,Inst. de distribució,QC2AB1BW01A0300,Desconectadores cuchillo,677,40352974,,Normalment,Aéreo,RS,,,300.000,,,,,,Motorizado,PSAD56,19,182696.475,5702341.380,-72.65442470,-38.77322750
18,5910380,DF 8kAR 3F¸ Placa 686865,Inst. de distribució,QC3AA10W01A0100,Desconectadores Fusibles,677,38159022,,Normalment,Aéreo,RST,,,100.000,5.300,8.000,,,,No Aplica,PSAD56,19,182573.346,5701967.651,-72.65601100,-38.77654420
18,5935020,DF 8kAR 3F¸ Placa 687214,Inst. de distribució,QC3AA10W01A0100,Desconectadores Fusibles,677,39471518,,Normalment,Aéreo,RST,,,100.000,5.300,8.000,,,,No Aplica,PSAD56,19,181878.839,5702056.235,-72.66394890,-38.77549740
18,5935173,DF 8kAR 3ø ubicado en soporte placa 687256,Inst. de distribució,QC3AA10W01A0100,Desconectadores Fusibles,677,38973324,,Normalment,Aéreo,RST,,,100.000,5.300,8.000,,,,No Aplica,PSAD56,19,181842.757,5702056.382,-72.66436330,-38.77548300
18,5935731,DF 8kAR 2ø ubicado en soporte placa 157437,Inst. de distribució,QC2AA10W01A0100,Desconectadores Fusibles,677,40106394,,Normalment,Aéreo,RS,,,100.000,5.300,8.000,,,,No Aplica,PSAD56,19,182197.102,5702588.140,-72.66004780,-38.77082870
18,5935849,DF 8kAR 3ø ubicado en soporte placa 680767,Inst. de distribució,QC3AA10W01A0100,Desconectadores Fusibles,677,38211143,,Normalment,Aéreo,RST,,,100.000,5.300,8.000,,,,No Aplica,PSAD56,19,181137.506,5702364.848,-72.67232280,-38.77245440
18,5978694,DF 8kAR 2ø ubicado en soporte placa 687255,Inst. de distribució,QC2AA10S01A0010,Desconectadores Fusibles,677,39037285,,Normalment,Aéreo,RS,,,10.000,5.300,8.000,,,,No Aplica,PSAD56,19,180255.938,5701840.878,-72.68269240,-38.77684730
18,6083197,DF 8kAR 3ø ubicado en soporte placa 680766,Inst. de distribució,QC3AA10W01A0100,Desconectadores Fusibles,677,39081867,,Normalment,Aéreo,RST,,,100.000,5.300,8.000,,,,No Aplica,PSAD56,19,180645.060,5702091.376,-72.67810630,-38.77473560
18,6090052,DF 8kAR 3ø ubicado en soporte placa 687207,Inst. de distribució,QC3AA10W01A0100,Desconectadores Fusibles,677,39355516,,Normalment,Aéreo,RST,,,100.000,5.300,8.000,,,,No Aplica,PSAD56,19,180699.539,5702097.945,-72.67747740,-38.77469620
18,6972090,SC 900A 3F¸ Placa  227524,Inst. de distribució,QC3AB1BW01A0900,Desconectadores cuchillo,677,39790671,,Normalment,Aéreo,RST,,,900.000,,,,,,Motorizado,PSAD56,19,186757.576,5702525.867,-72.60768580,-38.77301970
18,8524706,67770,Inst. de distribució,QA3AA30N01N0000,Desconectadores Fusibles,677,40352895,,Normalment,Aéreo,RST,,,0.000,,,,,,No Aplica,PSAD56,19,182696.475,5702341.380,-72.65442470,-38.77322750
18,8694691,DF 8kAR 3ø ubicado en soporte placa 689089,Inst. de prop. terce,QC3AA10W01A0100,Desconectadores Fusibles,677,37977198,,Normalment,Aéreo,RST,,,100.000,5.300,8.000,,,,No Aplica,PSAD56,19,181307.671,5702134.698,-72.67047430,-38.77458560
18,8756869,DF 8kAR 2F¸ Placa 909950,Inst. de distribució,QC2AA10W01A0100,Desconectadores Fusibles,677,38066876,,Normalment,Aéreo,RS,,,100.000,5.300,8.000,,,,No Aplica,PSAD56,19,173127.818,5701077.397,-72.76493710,-38.78110000
18,9020752,DF 8kAR 2ø ubicado en soporte placa 158087,Inst. de distribució,QC2AA10S01A0010,Desconectadores Fusibles,677,37870098,,Normalment,Aéreo,RS,,,10.000,5.300,8.000,,,,No Aplica,PSAD56,19,177947.332,5700829.696,-72.70968510,-38.78510040
18,9020816,DF 8kAR 2F¸ Placa 539668,Inst. de distribució,QC2AA10S01A0010,Desconectadores Fusibles,677,38455336,,Normalment,Aéreo,RS,,,10.000,5.300,8.000,,,,No Aplica,PSAD56,19,175121.900,5701429.604,-72.74186350,-38.77866970
18,9024919,DF 8kAR 3F¸ Placa 157368,Inst. de prop. terce,QC3AA10W01A0100,Desconectadores Fusibles,677,38005974,,Normalment,Aéreo,RST,,,100.000,5.300,8.000,,,,No Aplica,PSAD56,19,185662.394,5703020.275,-72.62004270,-38.76818380
18,9042674,DF 8kAR 3F¸ Placa 884978,Inst. de prop. terce,QC3AA10W01A0100,Desconectadores Fusibles,677,,,Normalment,Aéreo,RST,,,100.000,5.300,8.000,,,,No Aplica,PSAD56,19,185951.243,5703095.299,-72.61669040,-38.76761190
18,9087108,DF 8kAR 3F¸ Placa 157310,Inst. de prop. terce,QC3AA10W01A0100,Desconectadores Fusibles,677,38723338,,Normalment,Aéreo,RST,,,100.000,5.300,8.000,,,,No Aplica,PSAD56,19,186630.730,5703089.446,-72.60888740,-38.76790620
18,9179816,55101,Inst. de distribució,QC2AB1BW01A0300,Desconectadores cuchillo,677,37683617,,Normalment,Aéreo,RS,,,300.000,,,,,,Motorizado,PSAD56,19,177355.539,5700591.096,-72.71659570,-38.78702970
18,9200621,DF 8kAR 2F¸ Placa 157398,Inst. de prop. terce,QC2AA10W01A0100,Desconectadores Fusibles,677,38413256,,Normalment,Aéreo,RS,,,100.000,5.300,8.000,,,,No Aplica,PSAD56,19,184368.660,5702689.434,-72.63505540,-38.77069730
18,9231657,SC 300A 2ø ubicado en soporte placa 929041,Inst. de distribució,QC2AB1BW01A0300,Desconectadores cuchillo,677,39359789,,Normalment,Aéreo,RS,,,300.000,,,,,,Motorizado,PSAD56,19,175149.673,5700141.528,-72.74215060,-38.79026240
18,9234459,DF 8kAR 2ø ubicado en soporte placa 919095,Inst. de distribució,QC2AA10W01A0100,Desconectadores Fusibles,677,38587957,,Normalment,Aéreo,RS,,,100.000,5.300,8.000,,,,No Aplica,PSAD56,19,174827.223,5699079.937,-72.74635580,-38.79968940
18,9426873,DF 8kAR 3F¸ Placa 929245,Inst. de prop. terce,QC3AA10W01A0100,Desconectadores Fusibles,677,37693955,,Normalment,Aéreo,RST,,,100.000,5.300,8.000,,,,No Aplica,PSAD56,19,183253.133,5702564.834,-72.64792730,-38.77141800
18,9426888,SSCC 3F 25kV 300A SC ubicado en soporte placa 1000364929,Inst. de prop. terce,QC3AB1BW01A0300,Desconectadores cuchillo,677,37711531,,Normalment,Aéreo,RST,,,300.000,,,,,,Motorizado,PSAD56,19,183171.410,5702631.600,-72.64883550,-38.77078830
18,9426893,SSCC 3F 25kV 300A SC ubicado en soporte placa 1000364935,Inst. de prop. terce,QC3AB1BW01A0300,Desconectadores cuchillo,677,37837340,,Normalment,Aéreo,RST,,,300.000,,,,,,Motorizado,PSAD56,19,183129.249,5702779.183,-72.64925210,-38.76944590
18,9464029,56745,Inst. de distribució,QC3AB1BW01A0300,Desconectadores cuchillo,677,39675515,,Normalment,Aéreo,RST,,,300.000,,,,,,Motorizado,PSAD56,19,180398.306,5701960.186,-72.68100160,-38.77582600
18,9488813,SC 300A 3F¸ Placa  961658,Inst. de distribució,QC3AB1BW01A0300,Desconectadores cuchillo,677,37993371,,Normalment,Aéreo,RST,,,300.000,,,,,,Motorizado,PSAD56,19,184207.375,5702665.506,-72.63691920,-38.77085480
18,9502101,SC 300A 3F¸ Placa  1005984,Inst. de distribució,QC3AB1BW01A0300,Desconectadores cuchillo,677,38308369,,Normalment,Aéreo,RST,,,300.000,,,,,,Motorizado,PSAD56,19,181995.972,5700094.405,-72.66350710,-38.79318210
18,9508998,DF 8kA 2ø-3A ubicado en soporte placa 963240,Inst. de prop. terce,QC2AA10W01A0100,Desconectadores Fusibles,677,38938950,,Normalment,Aéreo,RS,,,100.000,5.300,8.000,,,,No Aplica,PSAD56,19,174794.579,5699015.504,-72.74676130,-38.80025670
18,9707682,DF 8kAR 2F¸ Placa 1009747,Inst. de prop. terce,QC2AA10W01A0100,Desconectadores Fusibles,677,39633910,,Normalment,Aéreo,RS,,,100.000,5.300,8.000,,,,No Aplica,PSAD56,19,173490.339,5701009.899,-72.76080450,-38.78184120
18,9709795,DF 8kAR 3F¸ Placa 1034499,Inst. de prop. terce,QC3AA10W01A0100,Desconectadores Fusibles,677,40264735,,Normalment,Aéreo,RST,,,100.000,5.300,8.000,,,,No Aplica,PSAD56,19,176500.083,5701745.731,-72.72588320,-38.77633350
18,1716010177,FUS 4000202,Inst. de distribució,QC3AB1BW01A0020,Desconectadores cuchillo,677,38617210,,Normalment,Aéreo,RST,,,20.000,5.300,8.000,,,,Motorizado,PSAD56,19,182103.133,5700779.806,-72.66195990,-38.78705700
18,1716010180,FUS 4000203,Inst. de distribució,QC3AB1BW01A0020,Desconectadores cuchillo,677,39349719,,Normalment,Aéreo,RST,,,20.000,5.300,8.000,,,,Motorizado,PSAD56,19,182445.509,5701951.544,-72.65748700,-38.77664300
18,1716018517,FUS 4004160,Inst. de distribució,QC3AA10W01A0100,Desconectadores Fusibles,677,36769476,,Normalment,Aéreo,RST,,,100.000,5.300,8.000,,,,No Aplica,PSAD56,19,184399.082,5702658.528,-72.63472010,-38.77098610
18,1716018519,FUS 4004156,Inst. de distribució,QC3AA10S01A0008,Desconectadores Fusibles,677,38552354,,Normalment,Aéreo,RST,,,8.000,5.300,8.000,,,,No Aplica,PSAD56,19,184393.952,5702695.847,-72.63476200,-38.77064860
18,1716529333,FUS 4008301,Inst. de prop. terce,QA2AA10S01A0125,Desconectadores Fusibles,677,39631942,,Normalment,Aéreo,RS,,,125.000,5.300,8.000,,,,No Aplica,PSAD56,19,174840.292,5699054.818,-72.74621740,-38.79992010
18,1716530141,FUS 4008323,Inst. de prop. terce,QC3AA10W01A0100,Desconectadores Fusibles,677,37076913,,Normalment,Aéreo,RST,,,100.000,5.300,8.000,,,,No Aplica,PSAD56,19,177634.470,5701857.253,-72.71279970,-38.77574590
18,1716731562,DF 8kAR 2F¸ Placa 1026632,Inst. de distribució,QC3AA10S01A0008,Desconectadores Fusibles,677,39582745,,Normalment,Aéreo,RST,,,8.000,5.300,8.000,,,,No Aplica,PSAD56,19,177277.000,5701889.318,-72.71689120,-38.77532690
18,1716739433,FUS 4011203,Inst. de prop. terce,QC3AA10W01A0100,Desconectadores Fusibles,677,37700190,,Normalment,Aéreo,RST,,,100.000,5.300,8.000,,,,No Aplica,PSAD56,19,180858.212,5702080.773,-72.67566250,-38.77490800
18,1716998968,FUS 4013886,Inst. de distribució,QC2AA10S01A0001,Desconectadores Fusibles,677,39952624,,Normalment,Aéreo,RS,,,1.000,5.300,8.000,,,,No Aplica,PSAD56,19,182548.462,5702294.005,-72.65614680,-38.77360030
18,1717011592,SSCC,Inst. de distribució,QC2AB1BW01A0300,Desconectadores cuchillo,677,39515896,,Normalment,Aéreo,RS,,,300.000,,,,,,Motorizado,PSAD56,19,169418.868,5700800.206,-72.80767570,-38.78221010
18,1717011607,SSCC,Inst. de distribució,QC2AB1BW01A0300,Desconectadores cuchillo,677,40057060,,Normalment,Aéreo,RS,,,300.000,,,,,,Motorizado,PSAD56,19,169521.534,5700840.446,-72.80647710,-38.78188670
18,1717030292,Interrupt.General MT ubicado en soporte placa -221,Inst. de prop. terce,QC3AC3BK01N0000,Seccionalizadores,677,38635733,,Normalment,Aéreo,RST,,,0.000,,,,,,Motorizado,PSAD56,19,186750.234,5702479.665,-72.60779110,-38.77343260
18,1717173658,FUS 4018281,Inst. de distribució,QC3AA10W01A0100,Desconectadores Fusibles,677,38527295,,Normalment,Aéreo,RST,,,100.000,5.300,8.000,,,,No Aplica,PSAD56,19,186250.867,5703902.757,-72.61288180,-38.76045670
18,1717173665,FUS 4018282,Inst. de distribució,QC3AA10W01A0100,Desconectadores Fusibles,677,38122057,,Normalment,Aéreo,RST,,,100.000,5.300,8.000,,,,No Aplica,PSAD56,19,186172.851,5704404.902,-72.61354990,-38.75591300
18,9183823,55102,Inst. de distribució,QA3AD3BK01A0400,Reconectador,677,39600562,,Normalment,Aéreo,RST,,,400.000,,,,,,Motorizado,PSAD56,19,177350.030,5700545.671,-72.71668020,-38.78743610
18,9183825,55101,Inst. de distribució,QA3AD3BK01A0400,Reconectador,677,37675088,,Normalment,Aéreo,RST,,,400.000,,,,,,Motorizado,PSAD56,19,177355.539,5700591.096,-72.71659570,-38.78702970
18,9464031,56745,Inst. de distribució,QA3AD3BK01A0400,Reconectador,677,39677227,,Normalment,Aéreo,RST,,,400.000,,,,,,Motorizado,PSAD56,19,180398.306,5701960.186,-72.68100160,-38.77582600
18,9492717,57456,Inst. de distribució,QA3AD3BK01A0400,Reconectador,677,38431822,,Normalment,Aéreo,RST,,,400.000,,,,,,Motorizado,PSAD56,19,185618.802,5703008.076,-72.62054900,-38.76827800
