empresa_id,td_id,alimentador_id,propiedad,cudn,nom_comuna,nom_region,nodo_at_id,nodo_bt_id,codigo_placa,cap_nom_kva,tipo_cnx,num_fases,fases_id,tension_prim,tension_sec,z,tap_min,tap_max,tap_op_normal,regulacion,dda_min_dia,dda_min_noche,dda_max,coci_mt,datum,zona,x,y,long,lat
18,2160273,677,Inst. de distribución de prop. de la concesionaria,SA1AS5520005,9112,La Araucanía,38750820,38771343,165191,15,Bifásico con neutro,1,,"AT, clase 15 kV o menos",0.220,,13200,15180,0,0.036,,,,,PSAD56,19,182651.958420534,5701486.72743756,-72.6553289,-38.7808974
18,5836469,677,Inst. de distribución de prop. de la concesionaria,SA1AS5520005,,,39620520,38633868,,15,Bifásico con neutro,1,,"AT, clase 15 kV o menos",0.220,,13200,15180,0,0.036,,,,,PSAD56,19,186549.427700004,5703736.53191061,-72.6095278,-38.7620577
18,438791,677,Inst. de distribución de prop. de la concesionaria,SA2AS5520005,9112,La Araucanía,38340862,39326761,158047,5,Dyn1,2,,"AT, clase 15 kV o menos",0.220,,13200,15180,0,0.036,,,,,PSAD56,19,177918.189731612,5701603.31940465,-72.7096589,-38.7781330
18,439028,677,Inst. de distribución de prop. de la concesionaria,SA2AS5520005,9112,La Araucanía,39154708,37691490,976360,5,Dyn1,2,,"AT, clase 15 kV o menos",0.220,,13200,15180,0,0.036,,,,,PSAD56,19,172180.90672838,5696188.79677891,-72.7781386,-38.8247054
18,439153,677,Inst. de distribución de prop. de la concesionaria,SA2AS5520005,9112,La Araucanía,39080674,38813970,643243,5,Dyn1,2,,"AT, clase 15 kV o menos",0.220,,13200,15180,0,0.036,,,,,PSAD56,19,176776.471418281,5700193.0445725,-72.7234352,-38.7903970
18,439242,677,Inst. de distribución de prop. de la concesionaria,SA1AS5520005,9112,La Araucanía,40123787,38951909,43382,15,Bifásico con neutro,1,,"AT, clase 15 kV o menos",0.220,,13200,15180,0,0.036,,,,,PSAD56,19,171966.639370558,5699989.40234741,-72.7787933,-38.7904518
18,439288,677,Inst. de distribución de prop. de la concesionaria,SA1AS5520005,9112,La Araucanía,40012097,39939472,42210,10,Bifásico con neutro,1,,"AT, clase 15 kV o menos",0.220,,13200,15180,0,0.036,,,,,PSAD56,19,172574.31412125,5701013.34117156,-72.7713259,-38.7814707
18,439873,677,Inst. de distribución de prop. de la concesionaria,SA1AS5520005,9112,La Araucanía,38029697,38683689,157575,15,Bifásico con neutro,1,,"AT, clase 15 kV o menos",0.220,,13200,15180,0,0.036,,,,,PSAD56,19,181957.01734998,5700534.90113407,-72.6637517,-38.7892067
18,440214,677,Inst. de distribución de prop. de la concesionaria,SA2AS5520005,9112,La Araucanía,37969946,38996996,165765,5,Dyn1,2,,"AT, clase 15 kV o menos",0.220,,13200,15180,0,0.036,,,,,PSAD56,19,176120.561631019,5698851.63204194,-72.7316011,-38.8022185
18,440250,677,Inst. de distribución de prop. de la concesionaria,SA1AS5520005,9112,La Araucanía,39358655,39426216,42192,10,Bifásico con neutro,1,,"AT, clase 15 kV o menos",0.220,,13200,15180,0,0.036,,,,,PSAD56,19,173546.209485218,5701000.96693585,-72.7601669,-38.7819422
18,440254,677,Inst. de distribución de prop. de la concesionaria,SA1AS5520005,9112,La Araucanía,39825300,39456131,41996,15,Bifásico con neutro,1,,"AT, clase 15 kV o menos",0.220,,13200,15180,0,0.036,,,,,PSAD56,19,175643.050306961,5700227.0599801,-72.7364418,-38.7896749
18,440273,677,Inst. de distribución de prop. de la concesionaria,SA1AS5520005,9112,La Araucanía,38190647,38192974,250054,10,Bifásico con neutro,1,,"AT, clase 15 kV o menos",0.220,,13200,15180,0,0.036,,,,,PSAD56,19,176914.098719728,5700787.36744938,-72.7215756,-38.7851031
18,440677,677,Inst. de distribución de prop. de la concesionaria,SA2AS5520005,9112,La Araucanía,39312348,39673173,225900,5,Dyn1,2,,"AT, clase 15 kV o menos",0.220,,13200,15180,0,0.036,,,,,PSAD56,19,174899.230500448,5698739.89991689,-72.7456886,-38.8027736
18,441611,677,Inst. de distribución de prop. de la concesionaria,SA1AS5520005,9112,La Araucanía,39303189,37802552,157447,15,Bifásico con neutro,1,,"AT, clase 15 kV o menos",0.220,,13200,15180,0,0.036,,,,,PSAD56,19,181391.752004516,5702354.52649026,-72.6694069,-38.7726391
18,441655,677,Inst. de distribución de prop. de la concesionaria,SA1AS5520005,9112,La Araucanía,37603660,38587169,612340,15,Bifásico con neutro,1,,"AT, clase 15 kV o menos",0.220,,13200,15180,0,0.036,,,,,PSAD56,19,176743.818794836,5701764.57741856,-72.7230744,-38.7762534
18,442006,677,Inst. de distribución de prop. de la concesionaria,SA1AS5520005,9112,La Araucanía,38492019,37831907,165756,15,Bifásico con neutro,1,,"AT, clase 15 kV o menos",0.220,,13200,15180,0,0.036,,,,,PSAD56,19,175700.591182689,5698868.0886295,-72.7364195,-38.8019161
18,442017,677,Inst. de distribución de prop. de la concesionaria,SA1AS5520005,9112,La Araucanía,37833424,38341003,157676,10,Bifásico con neutro,1,,"AT, clase 15 kV o menos",0.220,,13200,15180,0,0.036,,,,,PSAD56,19,180111.530867635,5699566.14376349,-72.6854057,-38.7972508
18,442342,677,Inst. de prop. terceros no concesionarios de distribución,SA1AS5520005,9112,La Araucanía,,,584187,15,Bifásico con neutro,1,,"AT, clase 15 kV o menos",0.220,,13200,15180,0,0.036,,,,,PSAD56,19,186187.797765802,5703217.86190024,-72.6139173,-38.7665938
18,442426,677,Inst. de distribución de prop. de la concesionaria,SA1AS5520005,9112,La Araucanía,38930872,38423211,230717,10,Bifásico con neutro,1,,"AT, clase 15 kV o menos",0.220,,13200,15180,0,0.036,,,,,PSAD56,19,177629.683063202,5701880.40910662,-72.7128439,-38.7755359
18,442925,677,Inst. de distribución de prop. de la concesionaria,SA2AS5520005,9112,La Araucanía,37835389,37937056,165733,5,Dyn1,2,,"AT, clase 15 kV o menos",0.220,,13200,15180,0,0.036,,,,,PSAD56,19,175673.679944034,5698355.75582838,-72.7369697,-38.8065132
18,442951,677,Inst. de distribución de prop. de la concesionaria,SA1AS5520005,9112,La Araucanía,39685767,39617448,255103,10,Bifásico con neutro,1,,"AT, clase 15 kV o menos",0.220,,13200,15180,0,0.036,,,,,PSAD56,19,171724.787208241,5697099.2205612,-72.7829477,-38.8163493
18,443006,677,Inst. de distribución de prop. de la concesionaria,SA1AS5520005,9112,La Araucanía,38859600,38588125,158023,15,Bifásico con neutro,1,,"AT, clase 15 kV o menos",0.220,,13200,15180,0,0.036,,,,,PSAD56,19,178808.413045287,5702066.95510596,-72.6992163,-38.7742884
18,443336,677,Inst. de distribución de prop. de la concesionaria,SA1AS5520005,9112,La Araucanía,38087497,39389644,158002,10,Dyn1,1,,"AT, clase 15 kV o menos",0.220,,13200,15180,0,0.036,,,,,PSAD56,19,180262.97691176,5702005.8817171,-72.6825351,-38.7753660
18,443376,677,Inst. de distribución de prop. de la concesionaria,SA1AS5520005,9112,La Araucanía,37864356,37878799,42226,15,Bifásico con neutro,1,,"AT, clase 15 kV o menos",0.220,,13200,15180,0,0.036,,,,,PSAD56,19,182271.431686621,5702603.79502266,-72.6591868,-38.7707147
18,444052,677,Inst. de distribución de prop. de la concesionaria,SA1AS5520005,9112,La Araucanía,38432633,37699875,271035,10,Dyn1,1,,"AT, clase 15 kV o menos",0.220,,13200,15180,0,0.036,,,,,PSAD56,19,176282.156969496,5699449.99621585,-72.7294633,-38.7968973
18,444205,677,Inst. de distribución de prop. de la concesionaria,SA2AS5520005,9112,La Araucanía,40120105,40120615,157941,5,Dyn1,2,,"AT, clase 15 kV o menos",0.220,,13200,15180,0,0.036,,,,,PSAD56,19,177076.61505304,5699201.66784201,-72.7204506,-38.7994217
18,444558,677,Inst. de distribución de prop. de la concesionaria,SA2AS5520005,9112,La Araucanía,39949735,37981320,41949,5,Dyn1,2,,"AT, clase 15 kV o menos",0.220,,13200,15180,0,0.036,,,,,PSAD56,19,171391.907879659,5699108.80837208,-72.7858158,-38.7981558
18,444673,677,Inst. de distribución de prop. de la concesionaria,SA2AS5520005,9112,La Araucanía,37967894,38424027,165383,5,Dyn1,2,,"AT, clase 15 kV o menos",0.220,,13200,15180,0,0.036,,,,,PSAD56,19,177173.828204788,5700196.11735551,-72.7188682,-38.7905149
18,444697,677,Inst. de distribución de prop. de la concesionaria,SA2AS5520005,9112,La Araucanía,39961066,39808916,157933,5,Dyn1,2,,"AT, clase 15 kV o menos",0.220,,13200,15180,0,0.036,,,,,PSAD56,19,177751.059641666,5699337.31236947,-72.7126370,-38.7984488
18,445123,677,Inst. de distribución de prop. de la concesionaria,SA1AS5520005,9112,La Araucanía,38614429,38627370,157433,15,Bifásico con neutro,1,,"AT, clase 15 kV o menos",0.220,,13200,15180,0,0.036,,,,,PSAD56,19,182512.322565706,5702652.72917068,-72.6563971,-38.7703613
18,445614,677,Inst. de distribución de prop. de la concesionaria,SA1AS5520005,9112,La Araucanía,38560744,38498428,158426,10,Bifásico con neutro,1,,"AT, clase 15 kV o menos",0.220,,13200,15180,0,0.036,,,,,PSAD56,19,173770.022897626,5698110.70893395,-72.7589624,-38.8080139
18,445655,677,Inst. de distribución de prop. de la concesionaria,SA1AS5520005,9112,La Araucanía,39351286,39357463,262680,15,Bifásico con neutro,1,,"AT, clase 15 kV o menos",0.220,,13200,15180,0,0.036,,,,,PSAD56,19,172183.063289462,5698858.39077037,-72.7768442,-38.8007021
18,446055,677,Inst. de distribución de prop. de la concesionaria,SA2AS5520005,9112,La Araucanía,40090855,37971032,231149,5,Dyn1,2,,"AT, clase 15 kV o menos",0.220,,13200,15180,0,0.036,,,,,PSAD56,19,171895.301979555,5698409.95190917,-72.7803641,-38.8046272
18,446081,677,Inst. de distribución de prop. de la concesionaria,SA1AS5520005,9112,La Araucanía,39655273,37649559,268856,15,Bifásico con neutro,1,,"AT, clase 15 kV o menos",0.220,,13200,15180,0,0.036,,,,,PSAD56,19,169732.451299702,5699785.02586433,-72.8045592,-38.7914555
18,446145,677,Inst. de distribución de prop. de la concesionaria,SA2AS5520005,9112,La Araucanía,39079719,37811607,41966,5,Dyn1,2,,"AT, clase 15 kV o menos",0.220,,13200,15180,0,0.036,,,,,PSAD56,19,169823.135076583,5698694.8560817,-72.8040391,-38.8012916
18,446204,677,Inst. de distribución de prop. de la concesionaria,SA1AS5520005,9112,La Araucanía,37771877,40354900,157820,15,Bifásico con neutro,1,,"AT, clase 15 kV o menos",0.220,,13200,15180,0,0.036,,,,,PSAD56,19,180041.436263603,5701750.39219352,-72.6851985,-38.7775832
18,446258,677,Inst. de distribución de prop. de la concesionaria,SA1AS5520005,9112,La Araucanía,39565288,39448629,157628,15,Bifásico con neutro,1,,"AT, clase 15 kV o menos",0.220,,13200,15180,0,0.036,,,,,PSAD56,19,180890.15872163,5700626.98888692,-72.6759675,-38.7879931
18,446420,677,Inst. de distribución de prop. de la concesionaria,SA1AS5520005,9112,La Araucanía,38223877,40135192,255109,10,Bifásico con neutro,1,,"AT, clase 15 kV o menos",0.220,,13200,15180,0,0.036,,,,,PSAD56,19,171432.390631852,5696769.0529314,-72.7864657,-38.8192090
18,446695,677,Inst. de distribución de prop. de la concesionaria,SA2AS5520005,9112,La Araucanía,37935167,38609371,271862,5,Dyn1,2,,"AT, clase 15 kV o menos",0.220,,13200,15180,0,0.036,,,,,PSAD56,19,185445.63825249,5702880.33224682,-72.6225964,-38.7693651
18,447006,677,Inst. de distribución de prop. de la concesionaria,SA2AS5520005,9112,La Araucanía,39253438,37977723,157405,5,Dyn1,2,,"AT, clase 15 kV o menos",0.220,,13200,15180,0,0.036,,,,,PSAD56,19,184138.164140447,5702640.25573808,-72.6377258,-38.7710571
18,447106,677,Inst. de distribución de prop. de la concesionaria,SA2AS5520005,9112,La Araucanía,40183651,38114684,157330,5,Dyn1,2,,"AT, clase 15 kV o menos",0.220,,13200,15180,0,0.036,,,,,PSAD56,19,186448.207694162,5703742.76830304,-72.6106876,-38.7619657
18,447155,677,Inst. de distribución de prop. de la concesionaria,SA2AS5520005,9112,La Araucanía,39643678,39645432,165716,5,Dyn1,2,,"AT, clase 15 kV o menos",0.220,,13200,15180,0,0.036,,,,,PSAD56,19,175659.509855609,5697895.58349662,-72.7373490,-38.8106459
18,447243,677,Inst. de distribución de prop. de la concesionaria,SA1AS5520005,9112,La Araucanía,39371228,38597518,268858,15,Bifásico con neutro,1,,"AT, clase 15 kV o menos",0.220,,13200,15180,0,0.036,,,,,PSAD56,19,169830.743360117,5700753.60283661,-72.8029666,-38.7827834
18,447318,677,Inst. de distribución de prop. de la concesionaria,SA1AS5520005,9112,La Araucanía,39644907,37870510,42215,10,Bifásico con neutro,1,,"AT, clase 15 kV o menos",0.220,,13200,15180,0,0.036,,,,,PSAD56,19,172693.200252386,5699335.65609002,-72.7707559,-38.7966002
18,447320,677,Inst. de distribución de prop. de la concesionaria,SA2AS5520005,9112,La Araucanía,39675642,38858542,157301,5,Dyn1,2,,"AT, clase 15 kV o menos",0.220,,13200,15180,0,0.036,,,,,PSAD56,19,186741.155592717,5702573.41299857,-72.6078529,-38.7725863
18,447377,677,Inst. de distribución de prop. de la concesionaria,SA2AS5520005,9112,La Araucanía,280896909,39493260,157915,5,Dyn1,2,,"AT, clase 15 kV o menos",0.220,,13200,15180,0,0.036,,,,,PSAD56,19,178643.573628961,5699424.55771654,-72.7023402,-38.7979901
18,447384,677,Inst. de distribución de prop. de la concesionaria,SA1AS5520005,9112,La Araucanía,38297258,38354952,269075,15,Bifásico con neutro,1,,"AT, clase 15 kV o menos",0.220,,13200,15180,0,0.036,,,,,PSAD56,19,168733.148963124,5700701.69573059,-72.8156000,-38.7828385
18,447693,677,Inst. de prop. terceros no concesionarios de distribución,SA1AS5520005,9112,La Araucanía,,,157480,15,Bifásico con neutro,1,,"AT, clase 15 kV o menos",0.220,,13200,15180,0,0.036,,,,,PSAD56,19,185179.009711467,5703034.27781468,-72.6255891,-38.7678855
18,448039,677,Inst. de distribución de prop. de la concesionaria,SA2AS5520005,9112,La Araucanía,39419960,38587851,165435,5,Dyn1,2,,"AT, clase 15 kV o menos",0.220,,13200,15180,0,0.036,,,,,PSAD56,19,176521.457199867,5700883.90263706,-72.7260414,-38.7840911
18,448431,677,Inst. de distribución de prop. de la concesionaria,SA2AS5520005,9112,La Araucanía,37597609,37620878,41964,5,Dyn1,2,,"AT, clase 15 kV o menos",0.220,,13200,15180,0,0.036,,,,,PSAD56,19,170574.677690821,5699898.78742879,-72.7948286,-38.7907477
18,448520,677,Inst. de distribución de prop. de la concesionaria,SA1AS5520005,9112,La Araucanía,39962637,40008874,158011,10,Bifásico con neutro,1,,"AT, clase 15 kV o menos",0.220,,13200,15180,0,0.036,,,,,PSAD56,19,179737.366574764,5702184.19435574,-72.6884906,-38.7735718
18,448782,677,Inst. de distribución de prop. de la concesionaria,SA1AS5520005,9112,La Araucanía,37655880,39081773,268857,15,Bifásico con neutro,1,,"AT, clase 15 kV o menos",0.220,,13200,15180,0,0.036,,,,,PSAD56,19,170042.903425692,5700443.09218871,-72.8006779,-38.7856547
18,448821,677,Inst. de distribución de prop. de la concesionaria,SA2AS5520005,9112,La Araucanía,38654525,38633897,158371,5,Dyn1,2,,"AT, clase 15 kV o menos",0.220,,13200,15180,0,0.036,,,,,PSAD56,19,174825.352041677,5699962.42619654,-72.7459613,-38.7917533
18,448849,677,Inst. de distribución de prop. de la concesionaria,SA1AS5520005,9112,La Araucanía,40334760,37581265,157667,10,Bifásico con neutro,1,,"AT, clase 15 kV o menos",0.220,,13200,15180,0,0.036,,,,,PSAD56,19,180048.746660413,5700257.0798427,-72.6858068,-38.7910147
18,449295,677,Inst. de distribución de prop. de la concesionaria,SA2AS5520005,9112,La Araucanía,38844274,37651725,158385,5,Dyn1,2,,"AT, clase 15 kV o menos",0.220,,13200,15180,0,0.036,,,,,PSAD56,19,175236.215824048,5700700.23899044,-72.7408934,-38.7852703
18,449387,677,Inst. de distribución de prop. de la concesionaria,SA2AS5520005,9112,La Araucanía,39112621,39279991,228477,5,Dyn1,2,,"AT, clase 15 kV o menos",0.220,,13200,15180,0,0.036,,,,,PSAD56,19,174367.49165682,5697297.64207004,-72.7524803,-38.8155460
18,449501,677,Inst. de distribución de prop. de la concesionaria,SA1AS5520005,9112,La Araucanía,37798591,39981966,157851,15,Bifásico con neutro,1,,"AT, clase 15 kV o menos",0.220,,13200,15180,0,0.036,,,,,PSAD56,19,179259.451976015,5701406.37928831,-72.6943419,-38.7803928
18,449663,677,Inst. de distribución de prop. de la concesionaria,SA2AS5520005,9112,La Araucanía,39944471,38687377,158456,5,Dyn1,2,,"AT, clase 15 kV o menos",0.220,,13200,15180,0,0.036,,,,,PSAD56,19,174352.787686115,5698601.6312994,-72.7520333,-38.8038151
18,449734,677,Inst. de distribución de prop. de la concesionaria,SA2AS5520005,9112,La Araucanía,40140317,40127238,157424,5,Dyn1,2,,"AT, clase 15 kV o menos",0.220,,13200,15180,0,0.036,,,,,PSAD56,19,183023.060359793,5702447.272214,-72.6506243,-38.7723926
18,450163,677,Inst. de distribución de prop. de la concesionaria,SA1AS5520005,9112,La Araucanía,39686388,38977259,251387,10,Bifásico con neutro,1,,"AT, clase 15 kV o menos",0.220,,13200,15180,0,0.036,,,,,PSAD56,19,177186.914188187,5701845.18349554,-72.7179467,-38.7756908
18,450219,677,Inst. de distribución de prop. de la concesionaria,SA1AS5520005,9112,La Araucanía,40242550,39485692,268855,15,Bifásico con neutro,1,,"AT, clase 15 kV o menos",0.220,,13200,15180,0,0.036,,,,,PSAD56,19,170765.475397439,5700657.83247022,-72.7922745,-38.7839939
18,450639,677,Inst. de distribución de prop. de la concesionaria,SA1AS5520005,9112,La Araucanía,39920502,39129530,268814,15,Bifásico con neutro,1,,"AT, clase 15 kV o menos",0.220,,13200,15180,0,0.036,,,,,PSAD56,19,168996.965933665,5700460.30951274,-72.8126852,-38.7851080
18,450716,677,Inst. de distribución de prop. de la concesionaria,SA2AS5520005,9112,La Araucanía,39566034,38094890,225378,5,Dyn1,2,,"AT, clase 15 kV o menos",0.220,,13200,15180,0,0.036,,,,,PSAD56,19,173568.334156362,5697298.78013329,-72.7616647,-38.8152400
18,451367,677,Inst. de distribución de prop. de la concesionaria,SA1AS5520005,9112,La Araucanía,39805893,38728679,42200,15,Bifásico con neutro,1,,"AT, clase 15 kV o menos",0.220,,13200,15180,0,0.036,,,,,PSAD56,19,173480.767641067,5700467.45943881,-72.7611710,-38.7867152
18,452853,677,Inst. de distribución de prop. de la concesionaria,SA1AS5520005,9112,La Araucanía,38742176,37855456,255140,10,Dyn1,1,,"AT, clase 15 kV o menos",0.220,,13200,15180,0,0.036,,,,,PSAD56,19,181335.310512155,5699205.10744535,-72.6715095,-38.8009408
18,452866,677,Inst. de distribución de prop. de la concesionaria,SA1AS5520005,9112,La Araucanía,38143709,38037479,231896,10,Bifásico con neutro,1,,"AT, clase 15 kV o menos",0.220,,13200,15180,0,0.036,,,,,PSAD56,19,181741.589377466,5701899.26115301,-72.6655979,-38.7768595
18,452874,677,Inst. de distribución de prop. de la concesionaria,SA1AS5520005,9112,La Araucanía,37915684,39067909,250057,10,Bifásico con neutro,1,,"AT, clase 15 kV o menos",0.220,,13200,15180,0,0.036,,,,,PSAD56,19,177706.101782583,5701268.52318121,-72.7122517,-38.7810662
18,453442,677,Inst. de distribución de prop. de la concesionaria,SA1AS5520005,9112,La Araucanía,39073687,39115601,157599,15,Dyn1,1,,"AT, clase 15 kV o menos",0.220,,13200,15180,0,0.036,,,,,PSAD56,19,181059.2471509,5700879.69232557,-72.6739079,-38.7857818
18,647868,677,Inst. de distribución de prop. de la concesionaria,SA1AS5520005,9112,La Araucanía,39979542,38921667,165485,15,Bifásico con neutro,1,,"AT, clase 15 kV o menos",0.220,,13200,15180,0,0.036,,,,,PSAD56,19,174925.943581433,5701376.33191609,-72.7441397,-38.7790765
18,1898745,677,Inst. de distribución de prop. de la concesionaria,SA1AS5520005,9112,La Araucanía,39930659,38448659,165500,15,Bifásico con neutro,1,,"AT, clase 15 kV o menos",0.220,,13200,15180,0,0.036,,,,,PSAD56,19,175310.981120709,5701486.71958842,-72.7396646,-38.7782257
18,2030774,677,Inst. de distribución de prop. de la concesionaria,SA1AS5520005,9112,La Araucanía,39349635,37767873,822736,15,Bifásico con neutro,1,,"AT, clase 15 kV o menos",0.220,,13200,15180,0,0.036,,,,,PSAD56,19,181030.913082225,5702333.30267395,-72.6735619,-38.7726996
18,2030887,677,Inst. de distribución de prop. de la concesionaria,SA1AS5520005,9112,La Araucanía,39435403,39461534,157507,15,Bifásico con neutro,1,,"AT, clase 15 kV o menos",0.220,,13200,15180,0,0.036,,,,,PSAD56,19,180751.281387984,5702221.99693322,-72.6768256,-38.7735994
18,2038184,677,Inst. de distribución de prop. de la concesionaria,SA1AS5520005,9112,La Araucanía,39657562,38476006,41976,10,Bifásico con neutro,1,,"AT, clase 15 kV o menos",0.220,,13200,15180,0,0.036,,,,,PSAD56,19,170225.340906692,5699198.55357406,-72.7991768,-38.7969132
18,2123393,677,Inst. de distribución de prop. de la concesionaria,SA1AS5520005,9112,La Araucanía,40312732,37641314,165204,15,Bifásico con neutro,1,,"AT, clase 15 kV o menos",0.220,,13200,15180,0,0.036,,,,,PSAD56,19,182796.367610026,5701122.61882345,-72.6538370,-38.7842238
18,2158959,677,Inst. de distribución de prop. de la concesionaria,SA1AS5520005,9112,La Araucanía,38846435,40167968,158098,15,Bifásico con neutro,1,,"AT, clase 15 kV o menos",0.220,,13200,15180,0,0.036,,,,,PSAD56,19,177911.708899745,5700275.63503699,-72.7103529,-38.7900698
18,2186222,677,Inst. de distribución de prop. de la concesionaria,SA1AS5520005,9112,La Araucanía,38311584,37678016,969144,10,Bifásico con neutro,1,,"AT, clase 15 kV o menos",0.220,,13200,15180,0,0.036,,,,,PSAD56,19,178158.134995134,5700801.59779899,-72.7072762,-38.7854301
18,2242325,677,Inst. de distribución de prop. de la concesionaria,SA1AS5520005,9112,La Araucanía,40004910,37818921,576519,10,Bifásico con neutro,1,,"AT, clase 15 kV o menos",0.220,,13200,15180,0,0.036,,,,,PSAD56,19,175917.421477469,5701652.31885126,-72.7326203,-38.7769596
18,2242880,677,Inst. de distribución de prop. de la concesionaria,SA1AS5520005,9112,La Araucanía,38743623,39119650,158079,10,Bifásico con neutro,1,,"AT, clase 15 kV o menos",0.220,,13200,15180,0,0.036,,,,,PSAD56,19,176171.02955832,5701680.60762793,-72.7296937,-38.7767984
18,2250175,677,Inst. de distribución de prop. de la concesionaria,SA1AS5520005,9112,La Araucanía,37673149,39590862,576542,10,Bifásico con neutro,1,,"AT, clase 15 kV o menos",0.220,,13200,15180,0,0.036,,,,,PSAD56,19,170922.222700388,5699972.64369638,-72.7908005,-38.7902134
18,2282146,677,Inst. de distribución de prop. de la concesionaria,SA1AS5520005,9112,La Araucanía,39411364,38119023,595522,15,Bifásico con neutro,1,,"AT, clase 15 kV o menos",0.220,,13200,15180,0,0.036,,,,,PSAD56,19,180107.904343897,5702058.37434902,-72.6842923,-38.7748377
18,2305395,677,Inst. de distribución de prop. de la concesionaria,SA1AS5520005,9112,La Araucanía,38909477,39222969,157908,15,Bifásico con neutro,1,,"AT, clase 15 kV o menos",0.220,,13200,15180,0,0.036,,,,,PSAD56,19,178664.867596459,5700007.31469618,-72.7018241,-38.7927574
18,5202425,677,Inst. de distribución de prop. de la concesionaria,SA1AS5520005,9112,La Araucanía,38978709,37640564,643235,10,Bifásico con neutro,1,,"AT, clase 15 kV o menos",0.220,,13200,15180,0,0.036,,,,,PSAD56,19,173951.977348889,5699477.1286299,-72.7562254,-38.7957946
18,5246805,677,Inst. de distribución de prop. de la concesionaria,SA1AS5520005,9112,La Araucanía,37977366,38018594,642864,15,Bifásico con neutro,1,,"AT, clase 15 kV o menos",0.220,,13200,15180,0,0.036,,,,,PSAD56,19,174117.384858171,5701216.2070881,-72.7535036,-38.7802180
18,5484069,677,Inst. de prop. terceros no concesionarios de distribución,SA2AS5520005,9112,La Araucanía,,,637162,5,Dyn1,2,,"AT, clase 15 kV o menos",0.220,,13200,15180,0,0.036,,,,,PSAD56,19,180265.686925977,5702102.00004304,-72.6824595,-38.7745026
18,5506978,677,Inst. de distribución de prop. de la concesionaria,SA1AS5520005,9112,La Araucanía,39103027,38813795,255927,15,Bifásico con neutro,1,,"AT, clase 15 kV o menos",0.220,,13200,15180,0,0.036,,,,,PSAD56,19,173098.492697619,5699172.76704374,-72.7661762,-38.7982152
18,5526011,677,Inst. de distribución de prop. de la concesionaria,SA1AS5520005,9112,La Araucanía,38133932,38209499,651167,15,Bifásico con neutro,1,,"AT, clase 15 kV o menos",0.220,,13200,15180,0,0.036,,,,,PSAD56,19,182064.842344995,5700672.42281178,-72.6624494,-38.7880089
18,5682329,677,Inst. de distribución de prop. de la concesionaria,SA1AS5520005,9112,La Araucanía,40064820,40111492,165229,15,Dyn1,1,,"AT, clase 15 kV o menos",0.220,,13200,15180,0,0.036,,,,,PSAD56,19,182694.192041227,5700534.59230907,-72.6552814,-38.7894751
18,5978691,677,Inst. de distribución de prop. de la concesionaria,SA1AS5520005,9112,La Araucanía,38143336,38934946,686864,15,Bifásico con neutro,1,,"AT, clase 15 kV o menos",0.220,,13200,15180,0,0.036,,,,,PSAD56,19,182520.38524617,5701960.54545467,-72.6566226,-38.7765890
18,6195575,677,Inst. de distribución de prop. de la concesionaria,SA1AS5520005,9112,La Araucanía,38414876,38455189,723916,15,Bifásico con neutro,1,,"AT, clase 15 kV o menos",0.220,,13200,15180,0,0.036,,,,,PSAD56,19,179240.515126353,5702147.49306357,-72.6942152,-38.7737213
18,6397001,677,Inst. de distribución de prop. de la concesionaria,SA1AS5520005,9112,La Araucanía,38808747,38844922,250174,15,Bifásico con neutro,1,,"AT, clase 15 kV o menos",0.220,,13200,15180,0,0.036,,,,,PSAD56,19,171470.305111227,5698394.50263519,-72.7852552,-38.8046078
18,6718425,677,Inst. de distribución de prop. de la concesionaria,SA1AS5520005,9112,La Araucanía,39029695,38043716,165352,15,Bifásico con neutro,1,,"AT, clase 15 kV o menos",0.220,,13200,15180,0,0.036,,,,,PSAD56,19,176328.858192459,5699851.19067051,-72.7287385,-38.7933068
18,8114275,677,Inst. de distribución de prop. de la concesionaria,SA1AS5520005,9112,La Araucanía,37999089,37725913,225383,15,Bifásico con neutro,1,,"AT, clase 15 kV o menos",0.220,,13200,15180,0,0.036,,,,,PSAD56,19,173784.215566537,5697058.73428008,-72.7592971,-38.8174784
18,8246832,677,Inst. de distribución de prop. de la concesionaria,SA1AS5520005,9112,La Araucanía,37951869,37633183,969326,5,Bifásico con neutro,1,,"AT, clase 15 kV o menos",0.220,,13200,15180,0,0.036,,,,,PSAD56,19,175515.103064396,5699422.66384218,-72.7382901,-38.7968611
18,8262912,677,Inst. de distribución de prop. de la concesionaria,SA1AS5520005,9112,La Araucanía,39603096,38743135,158477,15,Bifásico con neutro,1,,"AT, clase 15 kV o menos",0.220,,13200,15180,0,0.036,,,,,PSAD56,19,174790.642456751,5699012.07608979,-72.7468081,-38.8002861
18,8520861,677,Inst. de distribución de prop. de la concesionaria,SA1AS5520005,9112,La Araucanía,38654719,38708979,158194,15,Bifásico con neutro,1,,"AT, clase 15 kV o menos",0.220,,13200,15180,0,0.036,,,,,PSAD56,19,172919.072082123,5697149.39364015,-72.7691977,-38.8163424
18,8524700,677,Inst. de distribución de prop. de la concesionaria,SA2AS5520005,9112,La Araucanía,37834682,37808861,157430,5,Dyn1,2,,"AT, clase 15 kV o menos",0.220,,13200,15180,0,0.036,,,,,PSAD56,19,182635.169234157,5702321.0491405,-72.6551383,-38.7733883
18,8694160,677,Inst. de distribución de prop. de la concesionaria,SA1AS5520005,9112,La Araucanía,39410596,39354713,157924,15,Bifásico con neutro,1,,"AT, clase 15 kV o menos",0.220,,13200,15180,0,0.036,,,,,PSAD56,19,178263.24424178,5699734.51986833,-72.7065661,-38.7950640
18,8703267,677,Inst. de distribución de prop. de la concesionaria,SA1AS5520005,9112,La Araucanía,38916853,39189173,158165,15,Bifásico con neutro,1,,"AT, clase 15 kV o menos",0.220,,13200,15180,0,0.036,,,,,PSAD56,19,172390.598292887,5696494.40541157,-72.7755829,-38.8220355
18,8798614,677,Inst. de distribución de prop. de la concesionaria,SA1AS5520005,9112,La Araucanía,38511323,38807128,909950,15,Bifásico con neutro,1,,"AT, clase 15 kV o menos",0.220,,13200,15180,0,0.036,,,,,PSAD56,19,173127.81791776,5701077.3965593,-72.7649371,-38.7811000
18,9005376,677,Inst. de distribución de prop. de la concesionaria,SA2AS5520005,9112,La Araucanía,38426147,38413442,255096,5,Dyn1,2,,"AT, clase 15 kV o menos",0.220,,13200,15180,0,0.036,,,,,PSAD56,19,172235.155090053,5697506.39173017,-72.7768883,-38.8128782
18,9180018,677,Inst. de distribución de prop. de la concesionaria,SA1AS5520005,9112,La Araucanía,37675088,38515178,929069,10,Bifásico con neutro,1,,"AT, clase 15 kV o menos",0.220,,13200,15180,0,0.036,,,,,PSAD56,19,177389.094421708,5700599.40001662,-72.7162063,-38.7869673
18,9183821,677,Inst. de distribución de prop. de la concesionaria,SA2AS5520005,9112,La Araucanía,37813838,37709748,165398,5,Dyn1,2,,"AT, clase 15 kV o menos",0.220,,13200,15180,0,0.036,,,,,PSAD56,19,177374.60379801,5700563.20320953,-72.7163897,-38.7872875
18,9200749,677,Inst. de prop. terceros no concesionarios de distribución,SA2AS4520015,9112,La Araucanía,,,1062646,15,Bifásico con neutro,2,,"AT, clase 15 kV o menos",0.220,,13200,15180,0,0.036,,,,,PSAD56,19,184397.766607752,5702673.2885768,-72.6347285,-38.7708529
18,9215103,677,Inst. de distribución de prop. de la concesionaria,SA1AS5520005,9112,La Araucanía,38980449,38341698,266281,10,Bifásico con neutro,1,,"AT, clase 15 kV o menos",0.220,,13200,15180,0,0.036,,,,,PSAD56,19,181402.75906846,5700067.4080334,-72.6703361,-38.7932107
18,9234365,677,Inst. de distribución de prop. de la concesionaria,SA1AS5520005,9112,La Araucanía,38456831,38442367,158350,15,Bifásico con neutro,1,,"AT, clase 15 kV o menos",0.220,,13200,15180,0,0.036,,,,,PSAD56,19,174288.708820876,5699656.57586357,-72.7522715,-38.7943054
18,9234380,677,Inst. de distribución de prop. de la concesionaria,SA1AS5520005,9112,La Araucanía,38492687,38646912,687217,15,Bifásico con neutro,1,,"AT, clase 15 kV o menos",0.220,,13200,15180,0,0.036,,,,,PSAD56,19,180259.981806765,5701848.93700526,-72.6826422,-38.7767763
18,9234469,677,Inst. de distribución de prop. de la concesionaria,SA1AS5520005,9112,La Araucanía,38583787,38684675,918442,15,Bifásico con neutro,1,,"AT, clase 15 kV o menos",0.220,,13200,15180,0,0.036,,,,,PSAD56,19,174817.315702926,5699201.79264029,-72.7464122,-38.7985900
18,9354089,677,Inst. de distribución de prop. de la concesionaria,SA2AS5520005,9112,La Araucanía,38815669,38326140,271856,5,Dyn1,2,,"AT, clase 15 kV o menos",0.220,,13200,15180,0,0.036,,,,,PSAD56,19,182246.142899496,5701182.40068411,-72.6601314,-38.7834881
18,9467026,677,Inst. de distribución de prop. de la concesionaria,SA2AS4520015,9112,La Araucanía,38684451,38708409,977646,15,Bifásico con neutro,2,,"AT, clase 15 kV o menos",0.220,,13200,15180,0,0.036,,,,,PSAD56,19,182616.188922942,5701616.52870439,-72.6556802,-38.7797172
18,9492800,677,Inst. de distribución de prop. de la concesionaria,SA1AS5520002,9112,La Araucanía,,,157369,0,Dyn1,1,,"AT, clase 15 kV o menos",0.220,,13200,15180,0,0.036,,,,,PSAD56,19,185618.8016074,5703008.07644334,-72.6205490,-38.7682780
18,9509040,677,Inst. de prop. terceros no concesionarios de distribución,SA1AS4020045,9112,La Araucanía,,,986666,45,Trifásico con neutro,1,,"AT, clase 15 kV o menos",0.380,4,11880,13860,0,0.039,,,,,PSAD56,19,174798.792662175,5699012.90285081,-72.7467141,-38.8002817
18,9535642,677,Inst. de distribución de prop. de la concesionaria,SA2AS4520015,9112,La Araucanía,38634317,39839363,969190,15,Bifásico con neutro,2,,"AT, clase 15 kV o menos",0.220,,13200,15180,0,0.036,,,,,PSAD56,19,178434.817447939,5700754.95307378,-72.7041191,-38.7859504
18,9545040,677,Inst. de distribución de prop. de la concesionaria,SA1AS5520005,9112,La Araucanía,38492053,38811493,269084,15,Bifásico con neutro,1,,"AT, clase 15 kV o menos",0.220,,13200,15180,0,0.036,,,,,PSAD56,19,168075.924512289,5700705.78761201,-72.8231477,-38.7825547
18,9862141,677,Inst. de distribución de prop. de la concesionaria,SA1AS5520005,9112,La Araucanía,38290440,38315329,1007963,10,Bifásico con neutro,1,,"AT, clase 15 kV o menos",0.220,,13200,15180,0,0.036,,,,,PSAD56,19,176220.066866354,5700457.33299049,-72.7297041,-38.7878163
18,9866559,677,Inst. de distribución de prop. de la concesionaria,SA1AS5520005,9112,La Araucanía,40092130,40141984,926063,10,Bifásico con neutro,1,,"AT, clase 15 kV o menos",0.220,,13200,15180,0,0.036,,,,,PSAD56,19,171099.589153929,5700925.22024482,-72.7883089,-38.7817143
18,1716255198,677,Inst. de distribución de prop. de la concesionaria,SA1AS5520005,9112,La Araucanía,37994992,39503253,165400,10,Bifásico con neutro,1,,"AT, clase 15 kV o menos",0.220,,13200,15180,0,0.036,,,,,PSAD56,19,177490.195955515,5700636.7464466,-72.7150273,-38.7866684
18,1716479284,677,Inst. de distribución de prop. de la concesionaria,SA1AS5520005,9112,La Araucanía,37410697,37545513,1117335,10,Bifásico con neutro,1,,"AT, clase 15 kV o menos",0.220,,13200,15180,0,0.036,,,,,PSAD56,19,178640.075576755,5699817.77862764,-72.7021973,-38.7944528
18,1716529338,677,Inst. de prop. terceros no concesionarios de distribución,SA1AS5520005,9112,La Araucanía,,,1030211,10,Bifásico con neutro,1,,"AT, clase 15 kV o menos",0.220,,13200,15180,0,0.036,,,,,PSAD56,19,174843.188797626,5699049.22150918,-72.7461868,-38.7999715
18,1716693334,677,Inst. de distribución de prop. de la concesionaria,SA2AS4520015,9112,La Araucanía,37957084,36826368,158390,15,Bifásico con neutro,2,,"AT, clase 15 kV o menos",0.220,,13200,15180,0,0.036,,,,,PSAD56,19,175180.266279965,5701252.69263687,-72.7412762,-38.7802820
18,1716739504,677,Inst. de prop. terceros no concesionarios de distribución,SB2AS4520015,9112,La Araucanía,,,1122788,15,Trifásico con neutro,2,,"AT, clase 23 Kv",0.380,,19550,24150,0,0.054,,,,,PSAD56,19,180867.562538848,5702098.62972209,-72.6755468,-38.7747508
18,1716762086,677,Inst. de distribución de prop. de la concesionaria,SA2AS5020025,9112,La Araucanía,38036209,38136535,267090,25,Bifásico con neutro,2,,"AT, clase 15 kV o menos",0.220,4,13200,15180,0,0.036,,,,,PSAD56,19,182918.689116612,5702862.3541152,-72.6516327,-38.7686223
18,1716968531,677,Inst. de distribución de prop. de la concesionaria,SA1AS5520005,9112,La Araucanía,35915925,37546693,1150145,25,Bifásico con neutro,1,,"AT, clase 15 kV o menos",0.220,4,11880,13860,0,0.039,,,,,PSAD56,19,181421.95984881,5700432.32377833,-72.6699470,-38.7899360
18,1716975451,677,Inst. de distribución de prop. de la concesionaria,SA1AS5520005,9112,La Araucanía,39990052,36840020,937372,25,Bifásico con neutro,1,,"AT, clase 15 kV o menos",0.220,4,11880,13860,0,0.039,,,,,PSAD56,19,171664.877292553,5698904.14052414,-72.7827767,-38.8000978
18,1716975453,677,Inst. de distribución de prop. de la concesionaria,SA1AS5520005,9112,La Araucanía,36731827,36015955,1151028,25,Bifásico con neutro,1,,"AT, clase 15 kV o menos",0.220,4,11880,13860,0,0.039,,,,,PSAD56,19,172834.642122501,5701063.30825568,-72.7683117,-38.7811180
18,1716987821,677,Inst. de distribución de prop. de la concesionaria,SB2AS5020025,9112,La Araucanía,38916750,38918608,43385,25,Bifásico con neutro,2,,"AT, clase 23 Kv",0.220,4,19550,24150,0,0.054,,,,,PSAD56,19,173144.040570444,5699478.51429653,-72.7655080,-38.7954829
18,1716999010,677,Inst. de distribución de prop. de la concesionaria,SA1AS5520005,9112,La Araucanía,160964944,160964827,1152561,25,Bifásico con neutro,1,,"AT, clase 15 kV o menos",0.220,4,11880,13860,0,0.039,,,,,PSAD56,19,182533.706667563,5702317.35269857,-72.6563056,-38.7733850
18,1716999825,677,Inst. de distribución de prop. de la concesionaria,SA1AS5520005,9112,La Araucanía,39191653,160963441,1243706,25,Bifásico con neutro,1,,"AT, clase 15 kV o menos",0.220,4,11880,13860,0,0.039,,,,,PSAD56,19,183299.014344146,5702624.64023135,-72.6473728,-38.7708967
18,1717259722,677,Inst. de distribución de prop. de la concesionaria,SA1AS5520005,9112,La Araucanía,38518389,272857353,976382,25,Bifásico con neutro,1,,"AT, clase 15 kV o menos",0.220,4,11550,13530,0,0.04,,,,,PSAD56,19,173901.54666775,5698201.9620604,-72.7574077,-38.8072421
18,1717271073,677,Inst. de distribución de prop. de la concesionaria,SA1AS5520005,9112,La Araucanía,37843896,38367601,561794,25,Bifásico con neutro,1,,"AT, clase 15 kV o menos",0.220,4,11880,13860,0,0.039,,,,,PSAD56,19,176596.3603648,5701753.46806749,-72.7247735,-38.7762992
18,1717277753,677,Inst. de distribución de prop. de la concesionaria,SA1AS5520005,9112,La Araucanía,38363237,38420877,157658,25,Bifásico con neutro,1,,"AT, clase 15 kV o menos",0.220,4,11880,13860,0,0.039,,,,,PSAD56,19,180171.770680263,5700961.9397452,-72.6840665,-38.7847208
18,1717301108,677,Inst. de distribución de prop. de la concesionaria,SA1AS5520005,9112,La Araucanía,38499990,38693978,972297,25,Bifásico con neutro,1,,"AT, clase 15 kV o menos",0.220,4,11880,13860,0,0.039,,,,,PSAD56,19,179023.176189174,5700802.88914262,-72.6973369,-38.7857337
18,1717318038,677,Inst. de distribución de prop. de la concesionaria,SA1AS5520005,9112,La Araucanía,38936734,38308458,158033,25,Bifásico con neutro,1,,"AT, clase 15 kV o menos",0.220,4,11550,13530,0,0.04,,,,,PSAD56,19,178214.758730855,5701876.8036059,-72.7061245,-38.7757820
18,1717318300,677,Inst. de distribución de prop. de la concesionaria,SA1AS5520005,9112,La Araucanía,39407618,39725229,165409,25,Bifásico con neutro,1,,"AT, clase 15 kV o menos",0.220,4,11880,13860,0,0.039,,,,,PSAD56,19,175892.103623807,5700538.7869711,-72.7334339,-38.7869634
18,438792,677,Inst. de distribución de prop. de la concesionaria,SA3AS5020030,9112,La Araucanía,37832917,37811392,157764,30,Trifásico con neutro,3,RST,"AT, clase 15 kV o menos",0.380,4,13200,15180,0,0.036,,,,,PSAD56,19,184773.582503157,5702776.4480833,-72.6303641,-38.7700595
18,438880,677,Inst. de distribución de prop. de la concesionaria,SA3AS4520015,9112,La Araucanía,39405526,37699134,42227,15,Trifásico con neutro,3,RST,"AT, clase 15 kV o menos",0.380,,13200,15180,0,0.036,,,,,PSAD56,19,181941.471866244,5702502.0519266,-72.6630240,-38.7715107
18,439407,677,Inst. de prop. terceros no concesionarios de distribución,SA3AS3020300,9112,La Araucanía,,,583432,300,Trifásico con neutro,3,RST,"AT, clase 15 kV o menos",0.380,4,13200,15180,0,0.036,,,,,PSAD56,19,186381.228794508,5703990.1138879,-72.6113447,-38.7597174
18,439910,677,Inst. de prop. terceros no concesionarios de distribución,SA3AS3020300,9112,La Araucanía,37355747,38000854,584111,300,Trifásico con neutro,3,RST,"AT, clase 15 kV o menos",0.380,4,13200,15180,0,0.036,,,,,PSAD56,19,186663.479200716,5702906.57124105,-72.6085941,-38.7695625
18,440027,677,Inst. de prop. terceros no concesionarios de distribución,SA3AS5020030,9112,La Araucanía,,,157326,30,Trifásico con neutro,3,RST,"AT, clase 15 kV o menos",0.380,4,13200,15180,0,0.036,,,,,PSAD56,19,186542.781867273,5703967.23654005,-72.6094995,-38.7599805
18,440058,677,Inst. de prop. terceros no concesionarios de distribución,SA3AS5020030,9112,La Araucanía,,,584055,30,Trifásico con neutro,3,RST,"AT, clase 15 kV o menos",0.380,4,13200,15180,0,0.036,,,,,PSAD56,19,186211.047651787,5703664.59537434,-72.6134473,-38.7625844
18,440350,677,Inst. de distribución de prop. de la concesionaria,SA3AS4520015,9112,La Araucanía,37992827,38291757,245748,15,Trifásico con neutro,3,RST,"AT, clase 15 kV o menos",0.380,,13200,15180,0,0.036,,,,,PSAD56,19,181595.382965874,5702717.64266697,-72.6669003,-38.7694471
18,441508,677,Inst. de distribución de prop. de la concesionaria,SA3AS4520015,9112,La Araucanía,39153561,39113443,1244324,15,Trifásico con neutro,3,RST,"AT, clase 15 kV o menos",0.380,,13200,15180,0,0.036,,,,,PSAD56,19,183440.473150937,5702648.18513862,-72.6457370,-38.7707357
18,442629,677,Inst. de distribución de prop. de la concesionaria,SA3AS5020030,9112,La Araucanía,37959605,37844542,42235,30,Trifásico con neutro,3,RST,"AT, clase 15 kV o menos",0.380,4,13200,15180,0,0.036,,,,,PSAD56,19,181890.355831725,5702737.22477624,-72.6635029,-38.7693774
18,444047,677,Inst. de prop. terceros no concesionarios de distribución,SA3AS3020300,9112,La Araucanía,,,157500,300,Trifásico con neutro,3,RST,"AT, clase 15 kV o menos",0.380,4,13200,15180,0,0.036,,,,,PSAD56,19,184152.142268013,5702816.74358893,-72.6374845,-38.7694749
18,444495,677,Inst. de distribución de prop. de la concesionaria,SA3AS5020030,9112,La Araucanía,,,212212,30,Trifásico con neutro,3,RST,"AT, clase 15 kV o menos",0.380,4,13200,15180,0,0.036,,,,,PSAD56,19,181148.532447032,5702363.56711764,-72.6721968,-38.7724699
18,446222,677,Inst. de prop. terceros no concesionarios de distribución,SA3BS2020250,9112,La Araucanía,,,584109,150,Dyn1,3,RST,"AT, clase 15 kV o menos",0.380,4,13200,15180,0,0.036,,,,,PSAD56,19,186668.324180034,5702906.79601917,-72.6085384,-38.7695622
18,446748,677,Inst. de prop. terceros no concesionarios de distribución,SA3AS3520100,9112,La Araucanía,,,157469,100,Trifásico con neutro,3,RST,"AT, clase 15 kV o menos",0.380,4,13200,15180,0,0.036,,,,,PSAD56,19,185782.681494212,5703337.5975669,-72.6185165,-38.7653728
18,447388,677,Inst. de distribución de prop. de la concesionaria,SA3AS4520015,9112,La Araucanía,39462153,39002842,157498,15,Trifásico con neutro,3,RST,"AT, clase 15 kV o menos",0.380,,13200,15180,0,0.036,,,,,PSAD56,19,184162.913654681,5702787.87103506,-72.6373740,-38.7697384
18,447623,677,Inst. de prop. terceros no concesionarios de distribución,SA3AS5020030,9112,La Araucanía,,,457183,30,Trifásico con neutro,3,RST,"AT, clase 15 kV o menos",0.380,4,13200,15180,0,0.036,,,,,PSAD56,19,186702.852255566,5702686.3873629,-72.6082417,-38.7715567
18,448293,677,Inst. de distribución de prop. de la concesionaria,SA3AS5020030,9112,La Araucanía,38308369,37718498,265800,30,Trifásico con neutro,3,RST,"AT, clase 15 kV o menos",0.380,4,13200,15180,0,0.036,,,,,PSAD56,19,181994.328814834,5700125.87621028,-72.6635114,-38.7928985
18,449042,677,Inst. de distribución de prop. de la concesionaria,SA3AS5020030,9112,La Araucanía,39805937,37871985,157541,45,Dyn1,3,RST,"AT, clase 15 kV o menos",0.380,4,11400,12600,0,0.025,,,,,PSAD56,19,183007.226890816,5702026.75780567,-72.6509992,-38.7761686
18,450839,677,Inst. de prop. terceros no concesionarios de distribución,SA3BS2020250,9112,La Araucanía,,,584050,200,Trifásico con neutro,3,RST,"AT, clase 15 kV o menos",0.380,4,13200,15180,0,0.036,,,,,PSAD56,19,186446.617639309,5703653.46107591,-72.6107464,-38.7627683
18,450840,677,Inst. de prop. terceros no concesionarios de distribución,SA3AS5020030,9112,La Araucanía,,,206981,75,Trifásico con neutro,3,RST,"AT, clase 15 kV o menos",0.380,4,13200,15180,0,0.036,,,,,PSAD56,19,185836.109244416,5703674.75270301,-72.6177495,-38.7623597
18,451603,677,Inst. de prop. terceros no concesionarios de distribución,SA3CS3030300,9112,La Araucanía,,,500225,500,Dyn1,3,RST,"AT, clase 15 kV o menos",0.380,4,13200,15180,0,0.036,,,,,PSAD56,19,186446.567626559,5703976.3247393,-72.6106005,-38.7598646
18,453271,677,Inst. de distribución de prop. de la concesionaria,SA3AS5020030,9112,La Araucanía,38604051,38642661,157354,75,Dyn1,3,RST,"AT, clase 15 kV o menos",0.380,4,11400,12600,0,0.025,,,,,PSAD56,19,186238.943725929,5703207.46698457,-72.6133345,-38.7667055
18,621485,677,Inst. de distribución de prop. de la concesionaria,SA3AS5020030,9112,La Araucanía,,,500209,30,Trifásico con neutro,3,RST,"AT, clase 15 kV o menos",0.380,4,13200,15180,0,0.036,,,,,PSAD56,19,186470.545473633,5703900.13366521,-72.6103596,-38.7605584
18,2191920,677,Inst. de distribución de prop. de la concesionaria,SA3AS5020030,9112,La Araucanía,38611861,38611617,157349,75,Trifásico con neutro,3,RST,"AT, clase 15 kV o menos",0.380,4,13200,15180,0,0.036,,,,,PSAD56,19,186410.424112655,5703350.58646656,-72.6112996,-38.7654793
18,4891222,677,Inst. de prop. terceros no concesionarios de distribución,SA3BS2020250,9112,La Araucanía,,,585692,150,Trifásico con neutro,3,RST,"AT, clase 15 kV o menos",0.380,4,13200,15180,0,0.036,,,,,PSAD56,19,184966.46715427,5702829.52701181,-72.6281241,-38.7696510
18,5709277,677,Inst. de distribución de prop. de la concesionaria,SA3AS4520015,9112,La Araucanía,39419626,40186360,822587,30,Trifásico con neutro,3,RST,"AT, clase 15 kV o menos",0.380,4,13200,15180,0,0.036,,,,,PSAD56,19,181829.896585288,5702066.03691468,-72.6645066,-38.7753916
18,8694695,677,Inst. de distribución de prop. de la concesionaria,SA3AS4520015,9112,La Araucanía,,,912501,15,Trifásico con neutro,3,RST,"AT, clase 15 kV o menos",0.380,,13200,15180,0,0.036,,,,,PSAD56,19,181334.514413355,5702150.79402537,-72.6701585,-38.7744505
18,8949154,677,Inst. de distribución de prop. de la concesionaria,SA3AS4520015,9112,La Araucanía,40072535,40002175,866607,15,Trifásico con neutro,3,RST,"AT, clase 15 kV o menos",0.380,,13200,15180,0,0.036,,,,,PSAD56,19,182702.022099385,5701986.05485554,-72.6545242,-38.7764250
18,9024924,677,Inst. de prop. terceros no concesionarios de distribución,SA3AS5020030,9112,La Araucanía,,,912593,12,Trifásico con neutro,3,RST,"AT, clase 15 kV o menos",0.380,,13200,15180,0,0.036,,,,,PSAD56,19,185666.203603479,5703009.34567352,-72.6200039,-38.7682834
18,9042766,677,Inst. de prop. terceros no concesionarios de distribución,SA3AS3020300,9112,La Araucanía,,,911135,300,Trifásico con neutro,3,RST,"AT, clase 15 kV o menos",0.380,4,13200,15180,0,0.036,,,,,PSAD56,19,185955.32436832,5703077.92315261,-72.6166514,-38.7677696
18,9089359,677,Inst. de prop. terceros no concesionarios de distribución,SA3AS3020300,9112,La Araucanía,,,927973,300,Trifásico con neutro,3,RST,"AT, clase 15 kV o menos",0.380,4,13200,15180,0,0.036,,,,,PSAD56,19,186540.989260186,5703089.37626861,-72.6099183,-38.7678749
18,9214723,677,Inst. de distribución de prop. de la concesionaria,SA3AS4520015,9112,La Araucanía,38936692,37610282,157379,15,Trifásico con neutro,3,RST,"AT, clase 15 kV o menos",0.380,,13200,15180,0,0.036,,,,,PSAD56,19,185183.597795277,5702896.66399051,-72.6255991,-38.7691248
18,9342475,677,Inst. de distribución de prop. de la concesionaria,SA3AS5020030,9112,La Araucanía,38894219,38929846,926513,45,Trifásico con neutro,3,RST,"AT, clase 15 kV o menos",0.380,4,13200,15180,0,0.036,,,,,PSAD56,19,171614.260035041,5700871.09917183,-72.7824223,-38.7823927
18,9426949,677,Inst. de prop. terceros no concesionarios de distribución,SA3AS4520015,9112,La Araucanía,,,948018,15,Trifásico con neutro,3,RST,"AT, clase 15 kV o menos",0.380,,13200,15180,0,0.036,,,,,PSAD56,19,182917.248354019,5703136.95648011,-72.6515232,-38.7661523
18,9428367,677,Inst. de distribución de prop. de la concesionaria,SA3AS5020030,9112,La Araucanía,38225409,39034156,157392,30,Trifásico con neutro,3,RST,"AT, clase 15 kV o menos",0.380,4,13200,15180,0,0.036,,,,,PSAD56,19,184619.873460222,5702753.70757361,-72.6321402,-38.7702091
18,9707661,677,Inst. de prop. terceros no concesionarios de distribución,SA3AS5020030,9112,La Araucanía,,,1021482,30,Trifásico con neutro,3,RST,"AT, clase 15 kV o menos",0.380,4,13200,15180,0,0.036,,,,,PSAD56,19,173482.160140133,5701080.93664685,-72.7608648,-38.7811994
18,9709806,677,Inst. de prop. terceros no concesionarios de distribución,SA3AS5020030,9112,La Araucanía,,,1026332,30,Trifásico con neutro,3,RST,"AT, clase 15 kV o menos",0.380,4,13200,15180,0,0.036,,,,,PSAD56,19,176498.502843382,5701766.52966198,-72.7258916,-38.7761459
18,1716240013,677,Inst. de distribución de prop. de la concesionaria,SA3AS4520015,9112,La Araucanía,38952356,39714358,41980,15,Trifásico con neutro,3,RST,"AT, clase 15 kV o menos",0.380,,13200,15180,0,0.036,,,,,PSAD56,19,170574.712526848,5699363.89505237,-72.7950836,-38.7955572
18,1716487457,677,Inst. de prop. terceros no concesionarios de distribución,SA3CS3030300,9112,La Araucanía,,,585692,500,Trifásico con neutro,3,RST,"AT, clase 15 kV o menos",0.380,4,13200,15180,0,0.036,,,,,PSAD56,19,184966.46715427,5702829.52701181,-72.6281241,-38.7696510
18,1716530156,677,Inst. de prop. terceros no concesionarios de distribución,SA3AS5020030,9112,La Araucanía,,,1030209,30,Trifásico con neutro,3,RST,"AT, clase 15 kV o menos",0.380,4,11550,13530,0,0.04,,,,,PSAD56,19,177627.397516873,5701857.07940828,-72.7128811,-38.7757449
18,1717220125,677,Inst. de distribución de prop. de la concesionaria,SA3AS5020030,9112,La Araucanía,39359854,38413040,980805,75,Trifásico con neutro,3,RST,"AT, clase 15 kV o menos",0.380,4,13200,15180,0,0.036,,,,,PSAD56,19,181088.008490708,5702092.62723816,-72.6730171,-38.7748845
18,1717256448,677,Inst. de distribución de prop. de la concesionaria,SA3AS5020030,9112,La Araucanía,40246334,37370690,1150651,75,Trifásico con neutro,3,RST,"AT, clase 15 kV o menos",0.380,4,13200,15180,0,0.036,,,,,PSAD56,19,185792.473619768,5703053.3804943,-72.6185333,-38.7679324
18,1717330277,677,Inst. de distribución de prop. de la concesionaria,SA3AS5020030,9112,La Araucanía,37773312,38020735,1009786,30,Trifásico con neutro,3,RST,"AT, clase 15 kV o menos",0.380,4,13200,15180,0,0.036,,,,,PSAD56,19,180712.319583445,5702098.66999584,-72.6773302,-38.7746943
