empresa_id,toma_tierra_id,elemento_id,tipo_elemento,propiedad,nodo_id,cudn,tipo_toma_tierra,tipo_electrodo,otros,datum,zona,x,y,lat,long
18,454276,449387,transformador_dx,Inst. de distribució,39112621,KC24A,Puesta a tierra de p,Conductor Cobre,,PSAD56,19,174367.492,5697297.642,-38.81554600,-72.75248030
18,454358,2305395,transformador_dx,Inst. de distribució,38909477,KC24A,Puesta a tierra de p,Conductor Cobre,,PSAD56,19,178664.868,5700007.315,-38.79275740,-72.70182410
18,454535,449663,transformador_dx,Inst. de distribució,39944471,KC24A,Puesta a tierra de p,Conductor Cobre,,PSAD56,19,174352.788,5698601.631,-38.80381510,-72.75203330
18,454977,439288,transformador_dx,Inst. de distribució,40012097,KC24A,Puesta a tierra de p,Conductor Cobre,,PSAD56,19,172574.314,5701013.341,-38.78147070,-72.77132590
18,455112,2158959,transformador_dx,Inst. de distribució,38846435,KC24A,Puesta a tierra de p,Conductor Cobre,,PSAD56,19,177911.709,5700275.635,-38.79006980,-72.71035290
18,455350,422642,equipo,Inst. de distribució,40281873,KC24A,Puesta a tierra de p,Conductor Cobre,,PSAD56,19,186394.110,5703699.491,-38.76233570,-72.61132870
18,455400,448293,transformador_dx,Inst. de distribució,38308369,KC24A,Puesta a tierra de p,Conductor Cobre,,PSAD56,19,181994.329,5700125.876,-38.79289850,-72.66351140
18,455502,445614,transformador_dx,Inst. de distribució,38560744,KC24A,Puesta a tierra de p,Conductor Cobre,,PSAD56,19,173770.023,5698110.709,-38.80801390,-72.75896240
18,455573,422157,equipo,Inst. de distribució,40313245,KC24A,Puesta a tierra de p,Conductor Cobre,,PSAD56,19,186472.582,5703418.784,-38.76488810,-72.61055470
18,455802,439242,transformador_dx,Inst. de distribució,40123787,KC24A,Puesta a tierra de p,Conductor Cobre,,PSAD56,19,171966.639,5699989.402,-38.79045180,-72.77879330
18,455817,8114275,transformador_dx,Inst. de distribució,37999089,KC24A,Puesta a tierra de p,Conductor Cobre,,PSAD56,19,173784.216,5697058.734,-38.81747840,-72.75929710
18,456119,449734,transformador_dx,Inst. de distribució,40140317,KC24A,Puesta a tierra de p,Conductor Cobre,,PSAD56,19,183023.060,5702447.272,-38.77239260,-72.65062430
18,456232,442951,transformador_dx,Inst. de distribució,39685767,KC24A,Puesta a tierra de p,Conductor Cobre,,PSAD56,19,171724.787,5697099.221,-38.81634930,-72.78294770
18,456252,9545040,transformador_dx,Inst. de distribució,38492053,KC24A,Puesta a tierra de p,Conductor Cobre,,PSAD56,19,168075.925,5700705.788,-38.78255470,-72.82314770
18,456279,422073,equipo,Inst. de distribució,39095324,KC24A,Puesta a tierra de p,Conductor Cobre,,PSAD56,19,176878.598,5700514.782,-38.78754130,-72.72211110
18,456428,421933,equipo,Inst. de distribució,38395451,KC24A,Puesta a tierra de p,Conductor Cobre,,PSAD56,19,175703.489,5698921.949,-38.80143290,-72.73636090
18,456646,447320,transformador_dx,Inst. de distribució,39675642,KC24A,Puesta a tierra de p,Conductor Cobre,,PSAD56,19,186741.156,5702573.413,-38.77258630,-72.60785290
18,457348,440250,transformador_dx,Inst. de distribució,39358655,KC24A,Puesta a tierra de p,Conductor Cobre,,PSAD56,19,173546.209,5701000.967,-38.78194220,-72.76016690
18,457567,431656,equipo,Inst. de distribució,37835934,KC24A,Puesta a tierra de p,Conductor Cobre,,PSAD56,19,170985.998,5699496.652,-38.79451710,-72.79029480
18,457651,416976,equipo,Inst. de distribució,39636723,KC24A,Puesta a tierra de p,Conductor Cobre,,PSAD56,19,173170.304,5699210.864,-38.79789930,-72.76533300
18,457653,417210,equipo,Inst. de distribució,37722031,KC24A,Puesta a tierra de p,Conductor Cobre,,PSAD56,19,184721.640,5702793.905,-38.76988390,-72.63095280
18,457713,432498,equipo,Inst. de distribució,38943870,KC24A,Puesta a tierra de p,Conductor Cobre,,PSAD56,19,177380.098,5701945.363,-38.77486060,-72.71568070
18,457931,440214,transformador_dx,Inst. de distribució,37969946,KC24A,Puesta a tierra de p,Conductor Cobre,,PSAD56,19,176120.562,5698851.632,-38.80221850,-72.73160110
18,458033,9535642,transformador_dx,Inst. de distribució,38634317,KC24A,Puesta a tierra de p,Conductor Cobre,,PSAD56,19,178434.817,5700754.953,-38.78595040,-72.70411910
18,458079,433151,equipo,Inst. de distribució,39409696,KC24A,Puesta a tierra de p,Conductor Cobre,,PSAD56,19,181899.953,5702489.204,-38.77161130,-72.66350690
18,458492,1717318038,transformador_dx,Inst. de distribució,38936734,KC24A,Puesta a tierra de p,Conductor Cobre,,PSAD56,19,178214.759,5701876.804,-38.77578200,-72.70612450
18,458501,438791,transformador_dx,Inst. de distribució,38340862,KC24A,Puesta a tierra de p,Conductor Cobre,,PSAD56,19,177918.190,5701603.319,-38.77813300,-72.70965890
18,458610,452866,transformador_dx,Inst. de distribució,38143709,KC24A,Puesta a tierra de p,Conductor Cobre,,PSAD56,19,181741.589,5701899.261,-38.77685950,-72.66559790
18,458701,442925,transformador_dx,Inst. de distribució,37835389,KC24A,Puesta a tierra de p,Conductor Cobre,,PSAD56,19,175673.680,5698355.756,-38.80651320,-72.73696970
18,459086,444205,transformador_dx,Inst. de distribució,40120105,KC24A,Puesta a tierra de p,Conductor Cobre,,PSAD56,19,177076.615,5699201.668,-38.79942170,-72.72045060
18,459484,1716998968,equipo,Inst. de distribució,39952624,KC24A,Puesta a tierra de p,Conductor Cobre,,PSAD56,19,182548.462,5702294.005,-38.77360030,-72.65614680
18,459564,,otro,Inst. de distribució,,KC24A,Puesta a tierra de p,Conductor Cobre,,PSAD56,19,171867.860,5698652.908,-38.80243240,-72.78056390
18,459579,2242880,transformador_dx,Inst. de distribució,38743623,KC24A,Puesta a tierra de p,Conductor Cobre,,PSAD56,19,176171.030,5701680.608,-38.77679840,-72.72969370
18,459849,441611,transformador_dx,Inst. de distribució,39303189,KC24A,Puesta a tierra de p,Conductor Cobre,,PSAD56,19,181391.752,5702354.526,-38.77263910,-72.66940690
18,460138,1716987821,transformador_dx,Inst. de distribució,38916750,KC24A,Puesta a tierra de p,Conductor Cobre,,PSAD56,19,173144.041,5699478.514,-38.79548290,-72.76550800
18,460197,444495,transformador_dx,Inst. de distribució,,KC24A,Puesta a tierra de p,Conductor Cobre,,PSAD56,19,181148.532,5702363.567,-38.77246990,-72.67219680
18,460400,9215103,transformador_dx,Inst. de distribució,38980449,KC24A,Puesta a tierra de p,Conductor Cobre,,PSAD56,19,181402.759,5700067.408,-38.79321070,-72.67033610
18,460820,444558,transformador_dx,Inst. de distribució,39949735,KC24A,Puesta a tierra de p,Conductor Cobre,,PSAD56,19,171391.908,5699108.808,-38.79815580,-72.78581580
18,461036,431780,equipo,Inst. de distribució,39163985,KC24A,Puesta a tierra de p,Conductor Cobre,,PSAD56,19,177932.201,5701285.289,-38.78099800,-72.70964630
18,461105,426971,equipo,Inst. de distribució,39787961,KC24A,Puesta a tierra de p,Conductor Cobre,,PSAD56,19,175275.478,5700174.352,-38.79001360,-72.74068980
18,461120,426881,equipo,Inst. de distribució,38693947,KC24A,Puesta a tierra de p,Conductor Cobre,,PSAD56,19,175920.213,5700364.124,-38.78854430,-72.73319290
18,461152,446081,transformador_dx,Inst. de distribució,39655273,KC24A,Puesta a tierra de p,Conductor Cobre,,PSAD56,19,169732.451,5699785.026,-38.79145550,-72.80455920
18,461204,1717277753,transformador_dx,Inst. de distribució,38363237,KC24A,Puesta a tierra de p,Conductor Cobre,,PSAD56,19,180171.771,5700961.940,-38.78472080,-72.68406650
18,461408,447318,transformador_dx,Inst. de distribució,39644907,KC24A,Puesta a tierra de p,Conductor Cobre,,PSAD56,19,172693.200,5699335.656,-38.79660020,-72.77075590
18,461430,447155,transformador_dx,Inst. de distribució,39643678,KC24A,Puesta a tierra de p,Conductor Cobre,,PSAD56,19,175659.510,5697895.583,-38.81064590,-72.73734900
18,461432,440677,transformador_dx,Inst. de distribució,39312348,KC24A,Puesta a tierra de p,Conductor Cobre,,PSAD56,19,174899.231,5698739.900,-38.80277360,-72.74568860
18,461665,6718425,transformador_dx,Inst. de distribució,39029695,KC24A,Puesta a tierra de p,Conductor Cobre,,PSAD56,19,176328.858,5699851.191,-38.79330680,-72.72873850
18,461749,450639,transformador_dx,Inst. de distribució,39920502,KC24A,Puesta a tierra de p,Conductor Cobre,,PSAD56,19,168996.966,5700460.310,-38.78510800,-72.81268520
18,461769,2030774,transformador_dx,Inst. de distribució,39349635,KC24A,Puesta a tierra de p,Conductor Cobre,,PSAD56,19,181030.913,5702333.303,-38.77269960,-72.67356190
18,461799,,otro,Inst. de distribució,,KC24A,Puesta a tierra de p,Conductor Cobre,,PSAD56,19,180226.481,5701800.601,-38.77719880,-72.68304950
18,461803,431435,equipo,Inst. de distribució,38121109,KC24A,Puesta a tierra de p,Conductor Cobre,,PSAD56,19,179415.176,5701375.132,-38.78073040,-72.69256730
18,461823,428254,equipo,Inst. de distribució,40307388,KC24A,Puesta a tierra de p,Conductor Cobre,,PSAD56,19,186498.447,5703441.651,-38.76469160,-72.61024720
18,461964,417141,equipo,Inst. de distribució,40285948,KC24A,Puesta a tierra de p,Conductor Cobre,,PSAD56,19,170548.194,5699919.671,-38.79055000,-72.79512290
18,462114,2194156,equipo,Inst. de distribució,38931633,KC24A,Puesta a tierra de p,Conductor Cobre,,PSAD56,19,186720.953,5702680.296,-38.77161790,-72.60803650
18,462535,450163,transformador_dx,Inst. de distribució,39686388,KC24A,Puesta a tierra de p,Conductor Cobre,,PSAD56,19,177186.914,5701845.183,-38.77569080,-72.71794670
18,462871,444052,transformador_dx,Inst. de distribució,38432633,KC24A,Puesta a tierra de p,Conductor Cobre,,PSAD56,19,176282.157,5699449.996,-38.79689730,-72.72946330
18,462896,448849,transformador_dx,Inst. de distribució,40334760,KC24A,Puesta a tierra de p,Conductor Cobre,,PSAD56,19,180048.747,5700257.080,-38.79101470,-72.68580680
18,463009,431759,equipo,Inst. de distribució,38282497,KC24A,Puesta a tierra de p,Conductor Cobre,,PSAD56,19,169925.292,5700498.825,-38.78510960,-72.80200230
18,463065,453271,transformador_dx,Inst. de distribució,38604051,KC24A,Puesta a tierra de p,Conductor Cobre,,PSAD56,19,186238.944,5703207.467,-38.76670550,-72.61333450
18,463068,447106,transformador_dx,Inst. de distribució,40183651,KC24A,Puesta a tierra de p,Conductor Cobre,,PSAD56,19,186448.208,5703742.768,-38.76196570,-72.61068760
18,463155,443006,transformador_dx,Inst. de distribució,38859600,KC24A,Puesta a tierra de p,Conductor Cobre,,PSAD56,19,178808.413,5702066.955,-38.77428840,-72.69921630
18,463515,442629,transformador_dx,Inst. de distribució,37959605,KC24A,Puesta a tierra de p,Conductor Cobre,,PSAD56,19,181890.356,5702737.225,-38.76937740,-72.66350290
18,463821,6397001,transformador_dx,Inst. de distribució,38808747,KC24A,Puesta a tierra de p,Conductor Cobre,,PSAD56,19,171470.305,5698394.503,-38.80460780,-72.78525520
18,463900,446695,transformador_dx,Inst. de distribució,37935167,KC24A,Puesta a tierra de p,Conductor Cobre,,PSAD56,19,185445.638,5702880.332,-38.76936510,-72.62259640
18,464176,444673,transformador_dx,Inst. de distribució,37967894,KC24A,Puesta a tierra de p,Conductor Cobre,,PSAD56,19,177173.828,5700196.117,-38.79051490,-72.71886820
18,464208,448039,transformador_dx,Inst. de distribució,39419960,KC24A,Puesta a tierra de p,Conductor Cobre,,PSAD56,19,176521.457,5700883.903,-38.78409110,-72.72604140
18,464303,447006,transformador_dx,Inst. de distribució,39253438,KC24A,Puesta a tierra de p,Conductor Cobre,,PSAD56,19,184138.164,5702640.256,-38.77105710,-72.63772580
18,464431,426588,equipo,Inst. de distribució,37869781,KC24A,Puesta a tierra de p,Conductor Cobre,,PSAD56,19,181734.393,5700341.553,-38.79086520,-72.66639890
18,464511,439873,transformador_dx,Inst. de distribució,38029697,KC24A,Puesta a tierra de p,Conductor Cobre,,PSAD56,19,181957.017,5700534.901,-38.78920670,-72.66375170
18,464533,432199,equipo,Inst. de distribució,38817123,KC24A,Puesta a tierra de p,Conductor Cobre,,PSAD56,19,186533.904,5703781.698,-38.76164600,-72.60968560
18,464656,2030887,transformador_dx,Inst. de distribució,39435403,KC24A,Puesta a tierra de p,Conductor Cobre,,PSAD56,19,180751.281,5702221.997,-38.77359940,-72.67682560
18,464671,431816,equipo,Inst. de distribució,38981970,KC24A,Puesta a tierra de p,Conductor Cobre,,PSAD56,19,176047.550,5699534.489,-38.79605130,-72.73211940
18,465204,446420,transformador_dx,Inst. de distribució,38223877,KC24A,Puesta a tierra de p,Conductor Cobre,,PSAD56,19,171432.391,5696769.053,-38.81920900,-72.78646570
18,465486,421971,equipo,Inst. de distribució,38777632,KC24A,Puesta a tierra de p,Conductor Cobre,,PSAD56,19,176598.727,5700542.864,-38.78718620,-72.72531350
18,465902,446055,transformador_dx,Inst. de distribució,40090855,KC24A,Puesta a tierra de p,Conductor Cobre,,PSAD56,19,171895.302,5698409.952,-38.80462720,-72.78036410
18,466178,427254,equipo,Inst. de distribució,38935072,KC24A,Puesta a tierra de p,Conductor Cobre,,PSAD56,19,184723.357,5702793.717,-38.76988630,-72.63093320
18,466253,451367,transformador_dx,Inst. de distribució,39805893,KC24A,Puesta a tierra de p,Conductor Cobre,,PSAD56,19,173480.768,5700467.459,-38.78671520,-72.76117100
18,466308,446204,transformador_dx,Inst. de distribució,37771877,KC24A,Puesta a tierra de p,Conductor Cobre,,PSAD56,19,180041.436,5701750.392,-38.77758320,-72.68519850
18,466601,9005376,transformador_dx,Inst. de distribució,38426147,KC24A,Puesta a tierra de p,Conductor Cobre,,PSAD56,19,172235.155,5697506.392,-38.81287820,-72.77688830
18,467009,9354089,transformador_dx,Inst. de distribució,38815669,KC24A,Puesta a tierra de p,Conductor Cobre,,PSAD56,19,182246.143,5701182.401,-38.78348810,-72.66013140
18,467077,1716255198,transformador_dx,Inst. de distribució,37994992,KC24A,Puesta a tierra de p,Conductor Cobre,,PSAD56,19,177490.196,5700636.746,-38.78666840,-72.71502730
18,467134,447377,transformador_dx,Inst. de distribució,280896909,KC24A,Puesta a tierra de p,Conductor Cobre,,PSAD56,19,178643.574,5699424.558,-38.79799010,-72.70234020
18,467323,9234365,transformador_dx,Inst. de distribució,38456831,KC24A,Puesta a tierra de p,Conductor Cobre,,PSAD56,19,174288.709,5699656.576,-38.79430540,-72.75227150
18,467494,450716,transformador_dx,Inst. de distribució,39566034,KC24A,Puesta a tierra de p,Conductor Cobre,,PSAD56,19,173568.334,5697298.780,-38.81524000,-72.76166470
18,467501,1716240013,transformador_dx,Inst. de distribució,38952356,KC24A,Puesta a tierra de p,Conductor Cobre,,PSAD56,19,170574.713,5699363.895,-38.79555720,-72.79508360
18,467524,422611,equipo,Inst. de distribució,38176819,KC24A,Puesta a tierra de p,Conductor Cobre,,PSAD56,19,184200.591,5702636.786,-38.77111060,-72.63701020
18,467661,448431,transformador_dx,Inst. de distribució,37597609,KC24A,Puesta a tierra de p,Conductor Cobre,,PSAD56,19,170574.678,5699898.787,-38.79074770,-72.79482860
18,467770,427007,equipo,Inst. de distribució,38938075,KC24A,Puesta a tierra de p,Conductor Cobre,,PSAD56,19,175633.134,5699438.247,-38.79676440,-72.73692650
18,467796,440350,transformador_dx,Inst. de distribució,37992827,KC24A,Puesta a tierra de p,Conductor Cobre,,PSAD56,19,181595.383,5702717.643,-38.76944710,-72.66690030
18,467838,449501,transformador_dx,Inst. de distribució,37798591,KC24A,Puesta a tierra de p,Conductor Cobre,,PSAD56,19,179259.452,5701406.379,-38.78039280,-72.69434190
18,467850,440273,transformador_dx,Inst. de distribució,38190647,KC24A,Puesta a tierra de p,Conductor Cobre,,PSAD56,19,176914.099,5700787.367,-38.78510310,-72.72157560
18,468153,9488813,equipo,Inst. de distribució,37993371,KC24A,Puesta a tierra de p,Conductor Cobre,,PSAD56,19,184207.375,5702665.506,-38.77085480,-72.63691920
18,468532,647868,transformador_dx,Inst. de distribució,39979542,KC24A,Puesta a tierra de p,Conductor Cobre,,PSAD56,19,174925.944,5701376.332,-38.77907650,-72.74413970
18,468543,1716010177,equipo,Inst. de distribució,38617210,KC24A,Puesta a tierra de p,Conductor Cobre,,PSAD56,19,182103.133,5700779.806,-38.78705700,-72.66195990
18,468724,427552,equipo,Inst. de distribució,38340721,KC24A,Puesta a tierra de p,Conductor Cobre,,PSAD56,19,179917.118,5702184.573,-38.77363360,-72.68642550
18,468739,,otro,Inst. de distribució,,KC24A,Puesta a tierra de p,Conductor Cobre,,PSAD56,19,181502.900,5702349.888,-38.77272090,-72.66813220
18,469605,449295,transformador_dx,Inst. de distribució,38844274,KC24A,Puesta a tierra de p,Conductor Cobre,,PSAD56,19,175236.216,5700700.239,-38.78527030,-72.74089340
18,469687,417264,equipo,Inst. de distribució,38752628,KC24A,Puesta a tierra de p,Conductor Cobre,,PSAD56,19,177123.768,5700339.561,-38.78920670,-72.71937630
18,469751,2186511,equipo,Inst. de distribució,38102760,KC24A,Puesta a tierra de p,Conductor Cobre,,PSAD56,19,184268.584,5702681.327,-38.77073440,-72.63620880
18,469761,452874,transformador_dx,Inst. de distribució,37915684,KC24A,Puesta a tierra de p,Conductor Cobre,,PSAD56,19,177706.102,5701268.523,-38.78106620,-72.71225170
18,469988,417928,equipo,Inst. de distribució,38206424,KC24A,Puesta a tierra de p,Conductor Cobre,,PSAD56,19,177911.460,5701721.898,-38.77706430,-72.70968090
18,470116,1716731562,equipo,Inst. de distribució,39582745,KC24A,Puesta a tierra de p,Conductor Cobre,,PSAD56,19,177277.000,5701889.318,-38.77532690,-72.71689120
18,470365,446145,transformador_dx,Inst. de distribució,39079719,KC24A,Puesta a tierra de p,Conductor Cobre,,PSAD56,19,169823.135,5698694.856,-38.80129160,-72.80403910
18,470500,445655,transformador_dx,Inst. de distribució,39351286,KC24A,Puesta a tierra de p,Conductor Cobre,,PSAD56,19,172183.063,5698858.391,-38.80070210,-72.77684420
18,470718,8520861,transformador_dx,Inst. de distribució,38654719,KC24A,Puesta a tierra de p,Conductor Cobre,,PSAD56,19,172919.072,5697149.394,-38.81634240,-72.76919770
18,470920,448520,transformador_dx,Inst. de distribució,39962637,KC24A,Puesta a tierra de p,Conductor Cobre,,PSAD56,19,179737.367,5702184.194,-38.77357180,-72.68849060
18,470953,431085,equipo,Inst. de distribució,37741649,KC24A,Puesta a tierra de p,Conductor Cobre,,PSAD56,19,186373.731,5703732.656,-38.76203020,-72.61154770
18,471067,445123,transformador_dx,Inst. de distribució,38614429,KC24A,Puesta a tierra de p,Conductor Cobre,,PSAD56,19,182512.323,5702652.729,-38.77036130,-72.65639710
18,471134,426592,equipo,Inst. de distribució,38413288,KC24A,Puesta a tierra de p,Conductor Cobre,,PSAD56,19,178026.235,5700771.094,-38.78565620,-72.70880590
18,471185,450219,transformador_dx,Inst. de distribució,40242550,KC24A,Puesta a tierra de p,Conductor Cobre,,PSAD56,19,170765.475,5700657.832,-38.78399390,-72.79227450
18,471303,431521,equipo,Inst. de distribució,39030726,KC24A,Puesta a tierra de p,Conductor Cobre,,PSAD56,19,172730.556,5696979.006,-38.81780450,-72.77144520
18,471973,417024,equipo,Inst. de distribució,40134842,KC24A,Puesta a tierra de p,Conductor Cobre,,PSAD56,19,171796.595,5698588.542,-38.80298460,-72.78141340
18,472295,438880,transformador_dx,Inst. de distribució,39405526,KC24A,Puesta a tierra de p,Conductor Cobre,,PSAD56,19,181941.472,5702502.052,-38.77151070,-72.66302400
18,472494,422075,equipo,Inst. de distribució,38119235,KC24A,Puesta a tierra de p,Conductor Cobre,,PSAD56,19,168977.102,5700736.666,-38.78261570,-72.81278080
18,472775,444697,transformador_dx,Inst. de distribució,39961066,KC24A,Puesta a tierra de p,Conductor Cobre,,PSAD56,19,177751.060,5699337.312,-38.79844880,-72.71263700
18,472852,416997,equipo,Inst. de distribució,39912978,KC24A,Puesta a tierra de p,Conductor Cobre,,PSAD56,19,174878.236,5699088.788,-38.79962860,-72.74576540
18,472895,1898745,transformador_dx,Inst. de distribució,39930659,KC24A,Puesta a tierra de p,Conductor Cobre,,PSAD56,19,175310.981,5701486.720,-38.77822570,-72.73966460
18,472914,447384,transformador_dx,Inst. de distribució,38297258,KC24A,Puesta a tierra de p,Conductor Cobre,,PSAD56,19,168733.149,5700701.696,-38.78283850,-72.81560000
18,473019,427209,equipo,Inst. de distribució,39981266,KC24A,Puesta a tierra de p,Conductor Cobre,,PSAD56,19,170507.438,5699958.717,-38.79018370,-72.79557250
18,473424,432216,equipo,Inst. de distribució,39095534,KC24A,Puesta a tierra de p,Conductor Cobre,,PSAD56,19,173394.543,5697804.297,-38.81063000,-72.76342260
18,474077,422074,equipo,Inst. de distribució,39310413,KC24A,Puesta a tierra de p,Conductor Cobre,,PSAD56,19,172811.505,5699010.383,-38.79956890,-72.76955080
18,474329,447243,transformador_dx,Inst. de distribució,39371228,KC24A,Puesta a tierra de p,Conductor Cobre,,PSAD56,19,169830.743,5700753.603,-38.78278340,-72.80296660
18,474355,452853,transformador_dx,Inst. de distribució,38742176,KC24A,Puesta a tierra de p,Conductor Cobre,,PSAD56,19,181335.311,5699205.107,-38.80094080,-72.67150950
18,474986,422711,equipo,Inst. de distribució,40046991,KC24A,Puesta a tierra de p,Conductor Cobre,,PSAD56,19,186228.750,5703893.534,-38.76053180,-72.61314000
18,475673,422059,equipo,Inst. de distribució,39184941,KC24A,Puesta a tierra de p,Conductor Cobre,,PSAD56,19,182547.914,5701715.531,-38.77880230,-72.65641900
18,475843,442426,transformador_dx,Inst. de distribució,38930872,KC24A,Puesta a tierra de p,Conductor Cobre,,PSAD56,19,177629.683,5701880.409,-38.77553590,-72.71284390
18,476035,,otro,Inst. de distribució,,KC24A,Puesta a tierra de p,Conductor Cobre,,PSAD56,19,181789.587,5702411.919,-38.77226650,-72.66481030
18,476288,431715,equipo,Inst. de distribució,39311007,KC24A,Puesta a tierra de p,Conductor Cobre,,PSAD56,19,173470.298,5701025.512,-38.78169340,-72.76102730
18,476325,5682329,transformador_dx,Inst. de distribució,40064820,KC24A,Puesta a tierra de p,Conductor Cobre,,PSAD56,19,182694.192,5700534.592,-38.78947510,-72.65528140
18,476631,448782,transformador_dx,Inst. de distribució,37655880,KC24A,Puesta a tierra de p,Conductor Cobre,,PSAD56,19,170042.903,5700443.092,-38.78565470,-72.80067790
18,476951,447388,transformador_dx,Inst. de distribució,39462153,KC24A,Puesta a tierra de p,Conductor Cobre,,PSAD56,19,184162.914,5702787.871,-38.76973840,-72.63737400
18,477133,421738,equipo,Inst. de distribució,38159700,KC24A,Puesta a tierra de p,Conductor Cobre,,PSAD56,19,177323.742,5700526.912,-38.78759520,-72.71699100
18,477183,416839,equipo,Inst. de distribució,39723287,KC24A,Puesta a tierra de p,Conductor Cobre,,PSAD56,19,181055.951,5699877.913,-38.79478940,-72.67440880
18,641906,,otro,Inst. de prop. terce,,KC24A,Puesta a tierra de p,Conductor Cobre,,PSAD56,19,186751.263,5702479.532,-38.77343420,-72.60777940
18,807895,,otro,Inst. de distribució,,KB24A,Puesta a tierra de s,Conductor Cobre,,PSAD56,19,180323.416,5700301.533,-38.79071460,-72.68263010
18,807909,,otro,Inst. de distribució,,KB24A,Puesta a tierra de s,Conductor Cobre,,PSAD56,19,177110.123,5700851.554,-38.78459770,-72.71929350
18,807967,,otro,Inst. de distribució,,KB24A,Puesta a tierra de s,Conductor Cobre,,PSAD56,19,182765.139,5701196.897,-38.78354460,-72.65416170
18,809097,,otro,Inst. de distribució,,KB24A,Puesta a tierra de s,Conductor Cobre,,PSAD56,19,180361.600,5702001.982,-38.77543680,-72.68140400
18,809215,,otro,Inst. de distribució,,KB24A,Puesta a tierra de s,Conductor Cobre,,PSAD56,19,172132.244,5699229.518,-38.79734610,-72.77725180
18,809216,,otro,Inst. de distribució,,KB24A,Puesta a tierra de s,Conductor Cobre,,PSAD56,19,171407.859,5698376.293,-38.80474820,-72.78598150
18,809402,,otro,Inst. de distribució,,KB24A,Puesta a tierra de s,Conductor Cobre,,PSAD56,19,167887.178,5700482.519,-38.78449110,-72.82542330
18,809403,,otro,Inst. de distribució,,KB24A,Puesta a tierra de s,Conductor Cobre,,PSAD56,19,170741.190,5700671.728,-38.78385990,-72.79254690
18,809405,,otro,Inst. de distribució,,KB24A,Puesta a tierra de s,Conductor Cobre,,PSAD56,19,170094.425,5700425.467,-38.78583250,-72.80009440
18,809458,,otro,Inst. de distribució,,KB24A,Puesta a tierra de s,Conductor Cobre,,PSAD56,19,182270.063,5701167.045,-38.78363480,-72.65986360
18,809470,,otro,Inst. de distribució,,KB24A,Puesta a tierra de s,Conductor Cobre,,PSAD56,19,172067.397,5697710.124,-38.81098390,-72.77871940
18,809482,,otro,Inst. de distribució,,KB24A,Puesta a tierra de s,Conductor Cobre,,PSAD56,19,179887.274,5700703.974,-38.78693730,-72.68745480
18,809483,,otro,Inst. de distribució,,KB24A,Puesta a tierra de s,Conductor Cobre,,PSAD56,19,179733.505,5700513.990,-38.78858990,-72.68930970
18,809867,,otro,Inst. de distribució,,KB24A,Puesta a tierra de s,Conductor Cobre,,PSAD56,19,176912.987,5700726.614,-38.78564900,-72.72161690
18,809917,,otro,Inst. de distribució,,KB24A,Puesta a tierra de s,Conductor Cobre,,PSAD56,19,179077.868,5700837.830,-38.78543940,-72.69669230
18,809960,,otro,Inst. de distribució,,KB24A,Puesta a tierra de s,Conductor Cobre,,PSAD56,19,181824.298,5702113.538,-38.77496240,-72.66454900
18,810829,,otro,Inst. de distribució,,KB24A,Puesta a tierra de s,Conductor Cobre,,PSAD56,19,175242.276,5700380.070,-38.78815150,-72.74097440
18,811176,,otro,Inst. de distribució,,KB24A,Puesta a tierra de s,Conductor Cobre,,PSAD56,19,173237.279,5700091.731,-38.79000350,-72.76414630
18,811178,,otro,Inst. de distribució,,KB24A,Puesta a tierra de s,Conductor Cobre,,PSAD56,19,172694.205,5699262.717,-38.79725640,-72.77077900
18,811183,,otro,Inst. de distribució,,KB24A,Puesta a tierra de s,Conductor Cobre,,PSAD56,19,171930.843,5699974.824,-38.79056960,-72.77921150
18,811185,,otro,Inst. de distribució,,KB24A,Puesta a tierra de s,Conductor Cobre,,PSAD56,19,172949.597,5700825.008,-38.78330340,-72.76710400
18,811186,,otro,Inst. de distribució,,KB24A,Puesta a tierra de s,Conductor Cobre,,PSAD56,19,171972.207,5698117.979,-38.80728120,-72.77961930
18,811187,,otro,Inst. de distribució,,KB24A,Puesta a tierra de s,Conductor Cobre,,PSAD56,19,171512.906,5698222.122,-38.80617360,-72.78484780
18,811188,,otro,Inst. de distribució,,KB24A,Puesta a tierra de s,Conductor Cobre,,PSAD56,19,170640.113,5699847.386,-38.79123430,-72.79410140
18,811363,,otro,Inst. de distribució,,KB24A,Puesta a tierra de s,Conductor Cobre,,PSAD56,19,168144.851,5700697.863,-38.78265180,-72.82235980
18,811438,,otro,Inst. de distribució,,KB24A,Puesta a tierra de s,Conductor Cobre,,PSAD56,19,171436.636,5696811.234,-38.81883130,-72.78639670
18,811439,,otro,Inst. de distribució,,KB24A,Puesta a tierra de s,Conductor Cobre,,PSAD56,19,171481.534,5697105.362,-38.81620340,-72.78574050
18,811440,,otro,Inst. de distribució,,KB24A,Puesta a tierra de s,Conductor Cobre,,PSAD56,19,171863.847,5696809.355,-38.81900750,-72.78148750
18,811441,,otro,Inst. de distribució,,KB24A,Puesta a tierra de s,Conductor Cobre,,PSAD56,19,171808.051,5697405.715,-38.81362440,-72.78184480
18,811460,,otro,Inst. de distribució,,KB24A,Puesta a tierra de s,Conductor Cobre,,PSAD56,19,179774.434,5699655.528,-38.79632460,-72.68923790
18,811856,,otro,Inst. de distribució,,KB24A,Puesta a tierra de s,Conductor Cobre,,PSAD56,19,180477.041,5700749.701,-38.78674000,-72.68065740
18,812116,,otro,Inst. de distribució,,KB24A,Puesta a tierra de s,Conductor Cobre,,PSAD56,19,184731.095,5702750.631,-38.77027650,-72.63086390
18,812455,,otro,Inst. de distribució,,KB24A,Puesta a tierra de s,Conductor Cobre,,PSAD56,19,186203.578,5703180.652,-38.76693410,-72.61375290
18,813194,,otro,Inst. de distribució,,KB24A,Puesta a tierra de s,Conductor Cobre,,PSAD56,19,173450.976,5700466.123,-38.78671620,-72.76151390
18,813198,,otro,Inst. de distribució,,KB24A,Puesta a tierra de s,Conductor Cobre,,PSAD56,19,170914.629,5699947.340,-38.79043800,-72.79089980
18,813388,,otro,Inst. de distribució,,KB24A,Puesta a tierra de s,Conductor Cobre,,PSAD56,19,168484.628,5700775.660,-38.78208010,-72.81841930
18,813857,,otro,Inst. de distribució,,KB24A,Puesta a tierra de s,Conductor Cobre,,PSAD56,19,177250.056,5701689.224,-38.77711630,-72.71729420
18,813881,,otro,Inst. de distribució,,KB24A,Puesta a tierra de s,Conductor Cobre,,PSAD56,19,174113.940,5701258.709,-38.77983450,-72.75352310
18,813883,,otro,Inst. de distribució,,KB24A,Puesta a tierra de s,Conductor Cobre,,PSAD56,19,175339.487,5701467.793,-38.77840640,-72.73934600
18,813897,,otro,Inst. de distribució,,KB24A,Puesta a tierra de s,Conductor Cobre,,PSAD56,19,177462.141,5700608.544,-38.78691180,-72.71536280
18,813953,9535642,transformador_dx,Inst. de distribució,38634317,KB24A,Puesta a tierra de s,Conductor Cobre,,PSAD56,19,178434.817,5700754.953,-38.78595040,-72.70411910
18,814058,,otro,Inst. de distribució,,KB24A,Puesta a tierra de s,Conductor Cobre,,PSAD56,19,173757.309,5701060.465,-38.78148530,-72.75771360
18,814472,,otro,Inst. de distribució,,KB24A,Puesta a tierra de s,Conductor Cobre,,PSAD56,19,174703.323,5700232.547,-38.78927940,-72.74723610
18,815133,,otro,Inst. de distribució,,KB24A,Puesta a tierra de s,Conductor Cobre,,PSAD56,19,173343.297,5699040.583,-38.79949460,-72.76342590
18,815138,,otro,Inst. de distribució,,KB24A,Puesta a tierra de s,Conductor Cobre,,PSAD56,19,172382.742,5700303.175,-38.78778520,-72.77386370
18,815140,,otro,Inst. de distribució,,KB24A,Puesta a tierra de s,Conductor Cobre,,PSAD56,19,174072.623,5700823.492,-38.78373270,-72.75420320
18,815142,,otro,Inst. de distribució,,KB24A,Puesta a tierra de s,Conductor Cobre,,PSAD56,19,173614.930,5701007.874,-38.78190550,-72.75937410
18,815144,,otro,Inst. de distribució,,KB24A,Puesta a tierra de s,Conductor Cobre,,PSAD56,19,171529.411,5698427.197,-38.80433580,-72.78456040
18,815343,,otro,Inst. de distribució,,KB24A,Puesta a tierra de s,Conductor Cobre,,PSAD56,19,176406.835,5699229.293,-38.79892770,-72.72813420
18,815404,,otro,Inst. de distribució,,KB24A,Puesta a tierra de s,Conductor Cobre,,PSAD56,19,171459.276,5696286.223,-38.82356050,-72.78638690
18,815794,,otro,Inst. de distribució,,KB24A,Puesta a tierra de s,Conductor Cobre,,PSAD56,19,178676.944,5700064.800,-38.79224490,-72.70165860
18,815795,,otro,Inst. de distribució,,KB24A,Puesta a tierra de s,Conductor Cobre,,PSAD56,19,180171.418,5701032.001,-38.78409060,-72.68403810
18,815845,,otro,Inst. de distribució,,KB24A,Puesta a tierra de s,Conductor Cobre,,PSAD56,19,173565.638,5697373.468,-38.81456740,-72.76166030
18,815855,,otro,Inst. de distribució,,KB24A,Puesta a tierra de s,Conductor Cobre,,PSAD56,19,177290.746,5700372.172,-38.78897460,-72.71744250
18,815865,,otro,Inst. de distribució,,KB24A,Puesta a tierra de s,Conductor Cobre,,PSAD56,19,182691.680,5700595.845,-38.78892340,-72.65528210
18,816030,,otro,Inst. de distribució,,KB24A,Puesta a tierra de s,Conductor Cobre,,PSAD56,19,173751.280,5701010.720,-38.78193040,-72.75780640
18,817140,,otro,Inst. de distribució,,KB24A,Puesta a tierra de s,Conductor Cobre,,PSAD56,19,173520.054,5700108.614,-38.78995650,-72.76088940
18,817143,,otro,Inst. de distribució,,KB24A,Puesta a tierra de s,Conductor Cobre,,PSAD56,19,171924.159,5698366.632,-38.80502750,-72.78005310
18,817144,,otro,Inst. de distribució,,KB24A,Puesta a tierra de s,Conductor Cobre,,PSAD56,19,170542.733,5699339.243,-38.79576690,-72.79546280
18,817160,,otro,Inst. de distribució,,KB24A,Puesta a tierra de s,Conductor Cobre,,PSAD56,19,175038.094,5699696.575,-38.79422230,-72.74364220
18,817332,,otro,Inst. de distribució,,KB24A,Puesta a tierra de s,Conductor Cobre,,PSAD56,19,176302.136,5699432.153,-38.79706510,-72.72924210
18,817401,,otro,Inst. de distribució,,KB24A,Puesta a tierra de s,Conductor Cobre,,PSAD56,19,180951.273,5698981.488,-38.80281280,-72.67602630
18,817791,,otro,Inst. de distribució,,KB24A,Puesta a tierra de s,Conductor Cobre,,PSAD56,19,181060.253,5700916.046,-38.78545530,-72.67387950
18,817836,,otro,Inst. de distribució,,KB24A,Puesta a tierra de s,Conductor Cobre,,PSAD56,19,174637.498,5701250.179,-38.78010450,-72.74751270
18,817839,,otro,Inst. de distribució,,KB24A,Puesta a tierra de s,Conductor Cobre,,PSAD56,19,182397.629,5700386.836,-38.79069710,-72.65875700
18,817864,,otro,Inst. de distribució,,KB24A,Puesta a tierra de s,Conductor Cobre,,PSAD56,19,177925.239,5700355.738,-38.78935440,-72.71016010
18,818456,,otro,Inst. de distribució,,KB24A,Puesta a tierra de s,Conductor Cobre,,PSAD56,19,180113.688,5699663.460,-38.79637650,-72.68533580
18,819152,,otro,Inst. de distribució,,KB24A,Puesta a tierra de s,Conductor Cobre,,PSAD56,19,169587.316,5698191.257,-38.80573130,-72.80699000
18,819335,,otro,Inst. de distribució,,KB24A,Puesta a tierra de s,Conductor Cobre,,PSAD56,19,169211.043,5700244.190,-38.78713150,-72.81032950
18,819410,,otro,Inst. de distribució,,KB24A,Puesta a tierra de s,Conductor Cobre,,PSAD56,19,181396.981,5699223.554,-38.80079720,-72.67079220
18,819418,,otro,Inst. de distribució,,KB24A,Puesta a tierra de s,Conductor Cobre,,PSAD56,19,180294.575,5700523.471,-38.78870830,-72.68285870
18,819839,,otro,Inst. de distribució,,KB24A,Puesta a tierra de s,Conductor Cobre,,PSAD56,19,175577.252,5701433.365,-38.77880340,-72.73663080
18,819930,,otro,Inst. de distribució,,KB24A,Puesta a tierra de s,Conductor Cobre,,PSAD56,19,181768.321,5702435.023,-38.77205110,-72.66504400
18,821072,,otro,Inst. de distribució,,KB24A,Puesta a tierra de s,Conductor Cobre,,PSAD56,19,181607.176,5702730.031,-38.76934000,-72.66675910
18,821138,,otro,Inst. de distribució,,KB24A,Puesta a tierra de s,Conductor Cobre,,PSAD56,19,170625.964,5699056.426,-38.79834090,-72.79464150
18,821329,,otro,Inst. de distribució,,KB24A,Puesta a tierra de s,Conductor Cobre,,PSAD56,19,170185.881,5700928.814,-38.78134080,-72.79880330
18,821330,,otro,Inst. de distribució,,KB24A,Puesta a tierra de s,Conductor Cobre,,PSAD56,19,169031.667,5700430.306,-38.78539080,-72.81230090
18,821343,,otro,Inst. de distribució,,KB24A,Puesta a tierra de s,Conductor Cobre,,PSAD56,19,169853.606,5699632.229,-38.79287470,-72.80324040
18,821400,,otro,Inst. de distribució,,KB24A,Puesta a tierra de s,Conductor Cobre,,PSAD56,19,181559.012,5699729.067,-38.79630980,-72.66869680
18,821551,,otro,Inst. de distribució,,KB24A,Puesta a tierra de s,Conductor Cobre,,PSAD56,19,172261.595,5698913.330,-38.80023730,-72.77591570
18,821840,,otro,Inst. de distribució,,KB24A,Puesta a tierra de s,Conductor Cobre,,PSAD56,19,174966.975,5701392.596,-38.77894540,-72.74366070
18,821858,,otro,Inst. de distribució,,KB24A,Puesta a tierra de s,Conductor Cobre,,PSAD56,19,177951.678,5701598.138,-38.77819180,-72.70927660
18,822403,,otro,Inst. de distribució,,KB24A,Puesta a tierra de s,Conductor Cobre,,PSAD56,19,186532.805,5703454.240,-38.76459060,-72.60984680
18,823079,,otro,Inst. de distribució,,KB24A,Puesta a tierra de s,Conductor Cobre,,PSAD56,19,173139.553,5699558.663,-38.79476060,-72.76552160
18,823081,,otro,Inst. de distribució,,KB24A,Puesta a tierra de s,Conductor Cobre,,PSAD56,19,173000.879,5699929.187,-38.79137740,-72.76693930
18,823085,,otro,Inst. de distribució,,KB24A,Puesta a tierra de s,Conductor Cobre,,PSAD56,19,173585.815,5700890.285,-38.78295210,-72.75976420
18,823087,,otro,Inst. de distribució,,KB24A,Puesta a tierra de s,Conductor Cobre,,PSAD56,19,169833.764,5698620.014,-38.80196850,-72.80395280
18,823261,,otro,Inst. de distribució,,KB24A,Puesta a tierra de s,Conductor Cobre,,PSAD56,19,168811.761,5700712.542,-38.78277050,-72.81469170
18,823344,,otro,Inst. de distribució,,KB24A,Puesta a tierra de s,Conductor Cobre,,PSAD56,19,181774.971,5699168.927,-38.80142500,-72.66647350
18,824392,,otro,Inst. de distribució,,KB24A,Puesta a tierra de s,Conductor Cobre,,PSAD56,19,185748.872,5703042.220,-38.76801720,-72.61903920
18,825053,,otro,Inst. de distribució,,KB24A,Puesta a tierra de s,Conductor Cobre,,PSAD56,19,172983.473,5698772.998,-38.80176720,-72.76768740
18,825059,,otro,Inst. de distribució,,KB24A,Puesta a tierra de s,Conductor Cobre,,PSAD56,19,171884.494,5699564.694,-38.79424010,-72.77993900
18,825063,,otro,Inst. de distribució,,KB24A,Puesta a tierra de s,Conductor Cobre,,PSAD56,19,172281.446,5700903.331,-38.78235110,-72.77474250
18,825064,,otro,Inst. de distribució,,KB24A,Puesta a tierra de s,Conductor Cobre,,PSAD56,19,171355.640,5699109.887,-38.79813260,-72.78623200
18,825239,,otro,Inst. de distribució,,KB24A,Puesta a tierra de s,Conductor Cobre,,PSAD56,19,170168.438,5700117.746,-38.78862700,-72.79939120
18,825245,,otro,Inst. de distribució,,KB24A,Puesta a tierra de s,Conductor Cobre,,PSAD56,19,169746.948,5699856.394,-38.79081920,-72.80435850
18,825313,,otro,Inst. de distribució,,KB24A,Puesta a tierra de s,Conductor Cobre,,PSAD56,19,171782.050,5697146.494,-38.81594560,-72.78226710
18,825314,,otro,Inst. de distribució,,KB24A,Puesta a tierra de s,Conductor Cobre,,PSAD56,19,172227.271,5697532.920,-38.81263670,-72.77696630
18,825316,,otro,Inst. de distribució,,KB24A,Puesta a tierra de s,Conductor Cobre,,PSAD56,19,181433.643,5700067.804,-38.79321830,-72.66998100
18,1873751,1873750,equipo,Inst. de distribució,37636135,KC24A,Puesta a tierra de p,Conductor Cobre,,PSAD56,19,177429.582,5700601.419,-38.78696390,-72.71574020
18,1966190,,otro,Inst. de distribució,,KB24A,Puesta a tierra de s,Conductor Cobre,,PSAD56,19,181157.097,5702113.692,-38.77472010,-72.67221370
18,1966213,,otro,Inst. de distribució,,KB24A,Puesta a tierra de s,Conductor Cobre,,PSAD56,19,180787.617,5702092.270,-38.77477910,-72.67646820
18,1966913,1966922,equipo,Inst. de distribució,,KC24A,Puesta a tierra de p,Conductor Cobre,,PSAD56,19,181130.121,5702098.669,-38.77484540,-72.67253060
18,2017633,2017632,equipo,Inst. de distribució,38394659,KC24A,Puesta a tierra de p,Conductor Cobre,,PSAD56,19,184459.868,5702713.759,-38.77051110,-72.63399660
18,2018187,2018186,equipo,Inst. de distribució,37842348,KC24A,Puesta a tierra de p,Conductor Cobre,,PSAD56,19,178752.382,5700653.362,-38.78697970,-72.70051780
18,2038190,2038184,transformador_dx,Inst. de distribució,39657562,KC24A,Puesta a tierra de p,Conductor Cobre,,PSAD56,19,170225.341,5699198.554,-38.79691320,-72.79917680
18,2038202,,otro,Inst. de distribució,,KB24A,Puesta a tierra de s,Conductor Cobre,,PSAD56,19,170307.366,5699248.637,-38.79649360,-72.79821040
18,2099950,,otro,Inst. de prop. terce,,KC24A,Puesta a tierra de p,Conductor Cobre,,PSAD56,19,186447.429,5703974.516,-38.75988120,-72.61059140
18,2100247,,otro,Inst. de prop. terce,,KC24A,Puesta a tierra de p,Conductor Cobre,,PSAD56,19,186379.168,5703989.044,-38.75972630,-72.61136890
18,2111956,,otro,Inst. de distribució,,KB24A,Puesta a tierra de s,Conductor Cobre,,PSAD56,19,181739.020,5701892.860,-38.77691610,-72.66563040
18,2112048,,otro,Inst. de distribució,,KB24A,Puesta a tierra de s,Conductor Cobre,,PSAD56,19,181511.912,5701668.657,-38.77885040,-72.66834290
18,2138803,,otro,Inst. de distribució,,KB24A,Puesta a tierra de s,Conductor Cobre,,PSAD56,19,176266.386,5701705.740,-38.77660740,-72.72858650
18,2189005,2189006,equipo,Inst. de prop. terce,40330849,KC24A,Puesta a tierra de p,Conductor Cobre,,PSAD56,19,186433.005,5703644.051,-38.76284810,-72.61090710
18,2189011,450839,transformador_dx,Inst. de prop. terce,,KC24A,Puesta a tierra de p,Conductor Cobre,,PSAD56,19,186446.618,5703653.461,-38.76276830,-72.61074640
18,2190325,450840,transformador_dx,Inst. de prop. terce,,KC24A,Puesta a tierra de p,Conductor Cobre,,PSAD56,19,185836.109,5703674.753,-38.76235970,-72.61774950
18,2190365,447693,transformador_dx,Inst. de prop. terce,,KC24A,Puesta a tierra de p,Conductor Cobre,,PSAD56,19,185179.010,5703034.278,-38.76788550,-72.62558910
18,2190432,440058,transformador_dx,Inst. de prop. terce,,KC24A,Puesta a tierra de p,Conductor Cobre,,PSAD56,19,186211.048,5703664.595,-38.76258440,-72.61344730
18,2190980,,otro,Inst. de prop. terce,,KC24A,Puesta a tierra de p,Conductor Cobre,,PSAD56,19,184152.855,5702814.665,-38.76949380,-72.63747730
18,2191928,,otro,Inst. de distribució,,KB24A,Puesta a tierra de s,Conductor Cobre,,PSAD56,19,186446.810,5703380.200,-38.76522590,-72.61086820
18,2193930,2193926,equipo,Inst. de prop. terce,38016031,KC24A,Puesta a tierra de p,Conductor Cobre,,PSAD56,19,186670.729,5702913.693,-38.76950100,-72.60850760
18,2193956,439910,transformador_dx,Inst. de prop. terce,37355747,KC24A,Puesta a tierra de p,Conductor Cobre,,PSAD56,19,186663.479,5702906.571,-38.76956250,-72.60859410
18,2194151,447623,transformador_dx,Inst. de prop. terce,,KC24A,Puesta a tierra de p,Conductor Cobre,,PSAD56,19,186702.852,5702686.387,-38.77155670,-72.60824170
18,2194157,2194156,equipo,Inst. de prop. terce,38931633,KC24A,Puesta a tierra de p,Conductor Cobre,,PSAD56,19,186720.953,5702680.296,-38.77161790,-72.60803650
18,2199216,2191920,transformador_dx,Inst. de distribució,38611861,KC24A,Puesta a tierra de p,Conductor Cobre,,PSAD56,19,186410.424,5703350.586,-38.76547930,-72.61129960
18,2199297,,otro,Inst. de distribució,,KB24A,Puesta a tierra de s,Conductor Cobre,,PSAD56,19,181313.420,5701390.090,-38.78128380,-72.67075190
18,2199304,,otro,Inst. de distribució,,KB24A,Puesta a tierra de s,Conductor Cobre,,PSAD56,19,181100.852,5701127.927,-38.78356450,-72.67331520
18,2199336,,otro,Inst. de distribució,,KB24A,Puesta a tierra de s,Conductor Cobre,,PSAD56,19,181266.279,5700978.002,-38.78497260,-72.67148380
18,2199356,,otro,Inst. de distribució,,KB24A,Puesta a tierra de s,Conductor Cobre,,PSAD56,19,181227.186,5700775.049,-38.78678360,-72.67202670
18,2204661,446748,transformador_dx,Inst. de prop. terce,,KC24A,Puesta a tierra de p,Conductor Cobre,,PSAD56,19,185782.681,5703337.598,-38.76537280,-72.61851650
18,2204892,440027,transformador_dx,Inst. de prop. terce,,KC24A,Puesta a tierra de p,Conductor Cobre,,PSAD56,19,186542.782,5703967.237,-38.75998050,-72.60949950
18,2205035,2205036,equipo,Inst. de prop. terce,38750679,KC24A,Puesta a tierra de p,Conductor Cobre,,PSAD56,19,186220.986,5703210.999,-38.76666740,-72.61353910
18,2205057,442342,transformador_dx,Inst. de prop. terce,,KC24A,Puesta a tierra de p,Conductor Cobre,,PSAD56,19,186187.798,5703217.862,-38.76659380,-72.61391730
18,2242327,2242325,transformador_dx,Inst. de distribució,40004910,KC24A,Puesta a tierra de p,Conductor Cobre,,PSAD56,19,175917.421,5701652.319,-38.77695960,-72.73262030
18,2242936,,otro,Inst. de distribució,,KB24A,Puesta a tierra de s,Conductor Cobre,,PSAD56,19,175918.041,5701642.698,-38.77704630,-72.73261770
18,2242937,,otro,Inst. de distribució,,KB24A,Puesta a tierra de s,Conductor Cobre,,PSAD56,19,175935.362,5701565.173,-38.77774980,-72.73245510
18,2248517,,otro,Inst. de distribució,,KB24A,Puesta a tierra de s,Conductor Cobre,,PSAD56,19,186592.952,5703271.557,-38.76625490,-72.60923880
18,2248539,9087108,equipo,Inst. de distribució,38723338,KB24A,Puesta a tierra de s,Conductor Cobre,,PSAD56,19,186630.730,5703089.446,-38.76790620,-72.60888740
18,2248551,,otro,Inst. de distribució,,KB24A,Puesta a tierra de s,Conductor Cobre,,PSAD56,19,186658.150,5702962.732,-38.76905550,-72.60862990
18,2249764,2249768,equipo,Inst. de distribució,37641812,KC24A,Puesta a tierra de p,Conductor Cobre,,PSAD56,19,170601.681,5699878.605,-38.79093920,-72.79452800
18,2250176,2250175,transformador_dx,Inst. de distribució,37673149,KC24A,Puesta a tierra de p,Conductor Cobre,,PSAD56,19,170922.223,5699972.644,-38.79021340,-72.79080050
18,2250216,,otro,Inst. de distribució,,KB24A,Puesta a tierra de s,Conductor Cobre,,PSAD56,19,170944.500,5699963.817,-38.79030100,-72.79054880
18,2250217,,otro,Inst. de distribució,,KB24A,Puesta a tierra de s,Conductor Cobre,,PSAD56,19,171083.854,5699977.841,-38.79022690,-72.78894110
18,2277985,,otro,Inst. de distribució,,KB24A,Puesta a tierra de s,Conductor Cobre,,PSAD56,19,170788.204,5699689.150,-38.79271240,-72.79247550
18,2277986,,otro,Inst. de distribució,,KB24A,Puesta a tierra de s,Conductor Cobre,,PSAD56,19,170552.982,5699898.459,-38.79074250,-72.79507800
18,2282126,,otro,Inst. de distribució,,KB24A,Puesta a tierra de s,Conductor Cobre,,PSAD56,19,180042.429,5702080.720,-38.77461300,-72.68503410
18,2282155,2282146,transformador_dx,Inst. de distribució,39411364,KC24A,Puesta a tierra de p,Conductor Cobre,,PSAD56,19,180107.904,5702058.374,-38.77483770,-72.68429230
18,2285749,1717271073,transformador_dx,Inst. de distribució,37843896,KC24A,Puesta a tierra de p,Conductor Cobre,,PSAD56,19,176596.360,5701753.468,-38.77629920,-72.72477350
18,3027135,441655,transformador_dx,Inst. de distribució,37603660,KC24A,Puesta a tierra de p,Conductor Cobre,,PSAD56,19,176743.819,5701764.577,-38.77625340,-72.72307440
18,3027139,,otro,Inst. de distribució,,KB24A,Puesta a tierra de s,Conductor Cobre,,PSAD56,19,176644.454,5701757.421,-38.77628130,-72.72421920
18,3027140,,otro,Inst. de distribució,,KB24A,Puesta a tierra de s,Conductor Cobre,,PSAD56,19,176795.485,5701767.732,-38.77624390,-72.72247940
18,4084351,431837,equipo,Inst. de distribució,39336759,KC24A,Puesta a tierra de p,Conductor Cobre,,PSAD56,19,181054.508,5700567.939,-38.78858360,-72.67410640
18,4084441,,otro,Inst. de distribució,,KB24A,Puesta a tierra de s,Conductor Cobre,,PSAD56,19,181231.987,5700508.398,-38.78918330,-72.67209470
18,4891215,,otro,Inst. de prop. terce,,KC24A,Puesta a tierra de p,Conductor Cobre,,PSAD56,19,184966.298,5702831.492,-38.76963330,-72.62812510
18,4891225,4891211,equipo,Inst. de prop. terce,37875421,KC24A,Puesta a tierra de p,Conductor Cobre,,PSAD56,19,184962.988,5702839.277,-38.76956210,-72.62815960
18,4895149,5246805,transformador_dx,Inst. de distribució,37977366,KC24A,Puesta a tierra de p,Conductor Cobre,,PSAD56,19,174117.385,5701216.207,-38.78021800,-72.75350360
18,4895181,,otro,Inst. de distribució,,KB24A,Puesta a tierra de s,Conductor Cobre,,PSAD56,19,174229.762,5701235.900,-38.78008240,-72.75220340
18,5202426,5202425,transformador_dx,Inst. de distribució,38978709,KC24A,Puesta a tierra de p,Conductor Cobre,,PSAD56,19,173951.977,5699477.129,-38.79579460,-72.75622540
18,5202443,,otro,Inst. de distribució,,KB24A,Puesta a tierra de s,Conductor Cobre,,PSAD56,19,173987.267,5699492.371,-38.79567050,-72.75581270
18,5248480,5248481,equipo,Inst. de distribució,,KC24A,Puesta a tierra de p,Conductor Cobre,,PSAD56,19,169823.834,5700820.057,-38.78218330,-72.80301420
18,5257952,,otro,Inst. de distribució,,KB24A,Puesta a tierra de s,Conductor Cobre,,PSAD56,19,186307.706,5703265.620,-38.76620700,-72.61251820
18,5327117,439153,transformador_dx,Inst. de distribució,39080674,KC24A,Puesta a tierra de p,Conductor Cobre,,PSAD56,19,176776.471,5700193.045,-38.79039700,-72.72343520
18,5470315,,otro,Inst. de distribució,,KB24A,Puesta a tierra de s,Conductor Cobre,,PSAD56,19,182997.152,5702919.093,-38.76814020,-72.65070540
18,5477059,,otro,Inst. de distribució,,KB24A,Puesta a tierra de s,Conductor Cobre,,PSAD56,19,185270.163,5702919.100,-38.76895390,-72.62459450
18,5484066,5484065,equipo,Inst. de prop. terce,38070933,KC24A,Puesta a tierra de p,Conductor Cobre,,PSAD56,19,180235.656,5702014.747,-38.77527630,-72.68284490
18,5484098,5484069,transformador_dx,Inst. de prop. terce,,KC24A,Puesta a tierra de p,Conductor Cobre,,PSAD56,19,180265.687,5702102.000,-38.77450260,-72.68245950
18,5506959,5506978,transformador_dx,Inst. de distribució,39103027,KC24A,Puesta a tierra de p,Conductor Cobre,,PSAD56,19,173098.493,5699172.767,-38.79821520,-72.76617620
18,5506960,,otro,Inst. de distribució,,KB24A,Puesta a tierra de s,Conductor Cobre,,PSAD56,19,173170.478,5699244.208,-38.79759950,-72.76531520
18,5506962,,otro,Inst. de distribució,,KB24A,Puesta a tierra de s,Conductor Cobre,,PSAD56,19,173333.156,5699272.353,-38.79740680,-72.76343260
18,5506963,,otro,Inst. de distribució,,KB24A,Puesta a tierra de s,Conductor Cobre,,PSAD56,19,173266.600,5699020.986,-38.79964240,-72.76431650
18,5506964,,otro,Inst. de distribució,,KB24A,Puesta a tierra de s,Conductor Cobre,,PSAD56,19,173354.444,5698923.832,-38.80054850,-72.76335310
18,5506969,,otro,Inst. de distribució,,KB24A,Puesta a tierra de s,Conductor Cobre,,PSAD56,19,172947.351,5698850.684,-38.80105530,-72.76806560
18,5506971,,otro,Inst. de distribució,,KB24A,Puesta a tierra de s,Conductor Cobre,,PSAD56,19,172867.381,5699043.697,-38.79929010,-72.76889300
18,5506975,,otro,Inst. de distribució,,KB24A,Puesta a tierra de s,Conductor Cobre,,PSAD56,19,172828.075,5699055.301,-38.79917110,-72.76933910
18,5519782,,otro,Inst. de distribució,,KB24A,Puesta a tierra de s,Conductor Cobre,,PSAD56,19,182888.824,5703210.115,-38.76548410,-72.65181620
18,5526077,5526011,transformador_dx,Inst. de distribució,38133932,KC24A,Puesta a tierra de p,Conductor Cobre,,PSAD56,19,182064.842,5700672.423,-38.78800890,-72.66244940
18,5526476,5526478,equipo,Inst. de distribució,38983894,KC24A,Puesta a tierra de p,Conductor Cobre,,PSAD56,19,182073.688,5700730.778,-38.78748730,-72.66232080
18,5709286,,otro,Inst. de distribució,,KB24A,Puesta a tierra de s,Conductor Cobre,,PSAD56,19,181819.718,5702048.930,-38.77554170,-72.66463140
18,5722883,,otro,Inst. de distribució,,KB24A,Puesta a tierra de s,Conductor Cobre,,PSAD56,19,182861.381,5701901.457,-38.77724310,-72.65273230
18,5722891,,otro,Inst. de distribució,,KB24A,Puesta a tierra de s,Conductor Cobre,,PSAD56,19,182958.348,5701984.871,-38.77652780,-72.65158000
18,5836492,5836469,transformador_dx,Inst. de distribució,39620520,KC24A,Puesta a tierra de p,Conductor Cobre,,PSAD56,19,186549.428,5703736.532,-38.76205770,-72.60952780
18,5910384,5910380,equipo,Inst. de distribució,38159022,KC24A,Puesta a tierra de p,Conductor Cobre,,PSAD56,19,182573.346,5701967.651,-38.77654420,-72.65601100
18,5910387,,otro,Inst. de distribució,,KB24A,Puesta a tierra de s,Conductor Cobre,,PSAD56,19,182488.523,5701955.920,-38.77661910,-72.65699080
18,5934907,,otro,Inst. de distribució,,KC24A,Puesta a tierra de p,Conductor Cobre,,PSAD56,19,182444.639,5701952.651,-38.77663270,-72.65749650
18,5935027,5935020,equipo,Inst. de distribució,39471518,KC24A,Puesta a tierra de p,Conductor Cobre,,PSAD56,19,181878.839,5702056.235,-38.77549740,-72.66394890
18,5935176,5935173,equipo,Inst. de distribució,38973324,KC24A,Puesta a tierra de p,Conductor Cobre,,PSAD56,19,181842.757,5702056.382,-38.77548300,-72.66436330
18,5935742,5935731,equipo,Inst. de distribució,40106394,KC24A,Puesta a tierra de p,Conductor Cobre,,PSAD56,19,182197.102,5702588.140,-38.77082870,-72.66004780
18,5935853,5935849,equipo,Inst. de distribució,38211143,KC24A,Puesta a tierra de p,Conductor Cobre,,PSAD56,19,181137.506,5702364.848,-38.77245440,-72.67232280
18,5937736,,otro,Inst. de distribució,,KB24A,Puesta a tierra de s,Conductor Cobre,,PSAD56,19,181048.269,5702364.812,-38.77242250,-72.67334800
18,5938269,6090052,equipo,Inst. de distribució,39355516,KC24A,Puesta a tierra de p,Conductor Cobre,,PSAD56,19,180699.539,5702097.945,-38.77469620,-72.67747740
18,5973303,9464031,equipo,Inst. de distribució,39677227,KC24A,Puesta a tierra de p,Conductor Cobre,,PSAD56,19,180398.306,5701960.186,-38.77582600,-72.68100160
18,6083195,6083197,equipo,Inst. de distribució,39081867,KC24A,Puesta a tierra de p,Conductor Cobre,,PSAD56,19,180645.060,5702091.376,-38.77473560,-72.67810630
18,6195440,,otro,Inst. de distribució,,KB24A,Puesta a tierra de s,Conductor Cobre,,PSAD56,19,179424.399,5702179.174,-38.77350330,-72.69208810
18,6195454,,otro,Inst. de distribució,,KB24A,Puesta a tierra de s,Conductor Cobre,,PSAD56,19,179720.761,5702183.695,-38.77357030,-72.68868150
18,6195460,,otro,Inst. de distribució,,KB24A,Puesta a tierra de s,Conductor Cobre,,PSAD56,19,179201.142,5702139.821,-38.77377600,-72.69467100
18,6195576,6195575,transformador_dx,Inst. de distribució,38414876,KC24A,Puesta a tierra de p,Conductor Cobre,,PSAD56,19,179240.515,5702147.493,-38.77372130,-72.69421520
18,6348437,,otro,Inst. de distribució,,KB24A,Puesta a tierra de s,Conductor Cobre,,PSAD56,19,182901.018,5703050.303,-38.76692570,-72.65174940
18,6769624,,otro,Inst. de distribució,,KC24A,Puesta a tierra de p,Conductor Cobre,,PSAD56,19,180104.401,5701780.964,-38.77733110,-72.68446100
18,6972091,6972090,equipo,Inst. de distribució,39790671,KC24A,Puesta a tierra de p,Conductor Cobre,,PSAD56,19,186757.576,5702525.867,-38.77301970,-72.60768580
18,8246836,,otro,Inst. de distribució,,KB24A,Puesta a tierra de s,Conductor Cobre,,PSAD56,19,175102.615,5699229.768,-38.79844360,-72.74312070
18,8434522,9464031,equipo,Inst. de distribució,39677227,KC24A,Puesta a tierra de p,Conductor Cobre,,PSAD56,19,180398.306,5701960.186,-38.77582600,-72.68100160
18,8524697,8524700,transformador_dx,Inst. de distribució,37834682,KC24A,Puesta a tierra de p,Conductor Cobre,,PSAD56,19,182635.169,5702321.049,-38.77338830,-72.65513830
18,8524705,,otro,Inst. de distribució,,KB24A,Puesta a tierra de s,Conductor Cobre,,PSAD56,19,182671.774,5702318.159,-38.77342750,-72.65471910
18,8524715,8524706,equipo,Inst. de distribució,40352895,KC24A,Puesta a tierra de p,Conductor Cobre,,PSAD56,19,182696.475,5702341.380,-38.77322750,-72.65442470
18,8661669,,otro,Inst. de distribució,,KB24A,Puesta a tierra de s,Conductor Cobre,,PSAD56,19,179807.912,5702185.885,-38.77358220,-72.68767940
18,8694122,,otro,Inst. de distribució,,KB24A,Puesta a tierra de s,Conductor Cobre,,PSAD56,19,178129.562,5699490.557,-38.79720910,-72.70821600
18,8694690,8694691,equipo,Inst. de prop. terce,37977198,KC24A,Puesta a tierra de p,Conductor Cobre,,PSAD56,19,181307.671,5702134.698,-38.77458560,-72.67047430
18,8756853,8798614,transformador_dx,Inst. de distribució,38511323,KC24A,Puesta a tierra de p,Conductor Cobre,,PSAD56,19,173127.818,5701077.397,-38.78110000,-72.76493710
18,8756862,,otro,Inst. de distribució,,KB24A,Puesta a tierra de s,Conductor Cobre,,PSAD56,19,173078.127,5701076.910,-38.78108600,-72.76550820
18,8765569,,otro,Inst. de distribució,,KB24A,Puesta a tierra de s,Conductor Cobre,,PSAD56,19,182714.676,5701638.927,-38.77955120,-72.65453840
18,8949152,8949154,transformador_dx,Inst. de distribució,40072535,KC24A,Puesta a tierra de p,Conductor Cobre,,PSAD56,19,182702.022,5701986.055,-38.77642500,-72.65452420
18,8949153,,otro,Inst. de distribució,,KB24A,Puesta a tierra de s,Conductor Cobre,,PSAD56,19,182728.120,5701988.934,-38.77640850,-72.65422310
18,9009843,,otro,Inst. de distribució,,KB24A,Puesta a tierra de s,Conductor Cobre,,PSAD56,19,174160.091,5700812.763,-38.78386150,-72.75320340
18,9020754,9020752,equipo,Inst. de distribució,37870098,KC24A,Puesta a tierra de p,Conductor Cobre,,PSAD56,19,177947.332,5700829.696,-38.78510040,-72.70968510
18,9020812,9020816,equipo,Inst. de distribució,38455336,KC24A,Puesta a tierra de p,Conductor Cobre,,PSAD56,19,175121.900,5701429.604,-38.77866970,-72.74186350
18,9024917,9024919,equipo,Inst. de prop. terce,38005974,KC24A,Puesta a tierra de p,Conductor Cobre,,PSAD56,19,185662.394,5703020.275,-38.76818380,-72.62004270
18,9042673,9042766,transformador_dx,Inst. de prop. terce,,KC24A,Puesta a tierra de p,Conductor Cobre,,PSAD56,19,185955.324,5703077.923,-38.76776960,-72.61665140
18,9042675,9042674,equipo,Inst. de prop. terce,,KC24A,Puesta a tierra de p,Conductor Cobre,,PSAD56,19,185951.243,5703095.299,-38.76761190,-72.61669040
18,9087107,9087108,equipo,Inst. de prop. terce,38723338,KC24A,Puesta a tierra de p,Conductor Cobre,,PSAD56,19,186630.730,5703089.446,-38.76790620,-72.60888740
18,9090320,,otro,Inst. de distribució,,KB24A,Puesta a tierra de s,Conductor Cobre,,PSAD56,19,179995.309,5701228.439,-38.78226020,-72.68597040
18,9146642,426823,equipo,Inst. de distribució,40097389,KC24A,Puesta a tierra de p,Conductor Cobre,,PSAD56,19,171826.638,5698619.489,-38.80271750,-72.78105340
18,9160014,,otro,Inst. de distribució,,KB24A,Puesta a tierra de s,Conductor Cobre,,PSAD56,19,174756.247,5699921.665,-38.79209440,-72.74677450
18,9179996,9183825,equipo,Inst. de distribució,37675088,KC24A,Puesta a tierra de p,Conductor Cobre,,PSAD56,19,177355.539,5700591.096,-38.78702970,-72.71659570
18,9180028,9180018,transformador_dx,Inst. de distribució,37675088,KC24A,Puesta a tierra de p,Conductor Cobre,,PSAD56,19,177389.094,5700599.400,-38.78696730,-72.71620630
18,9180055,,otro,Inst. de distribució,,KB24A,Puesta a tierra de s,Conductor Cobre,,PSAD56,19,177422.413,5700607.638,-38.78690540,-72.71581960
18,9180181,9183821,transformador_dx,Inst. de distribució,37813838,KC24A,Puesta a tierra de p,Conductor Cobre,,PSAD56,19,177374.604,5700563.203,-38.78728750,-72.71638970
18,9186617,,otro,Inst. de distribució,,KB24A,Puesta a tierra de s,Conductor Cobre,,PSAD56,19,171572.184,5700874.572,-38.78234590,-72.78290400
18,9200613,9200621,equipo,Inst. de prop. terce,38413256,KC24A,Puesta a tierra de p,Conductor Cobre,,PSAD56,19,184368.660,5702689.434,-38.77069730,-72.63505540
18,9214715,,otro,Inst. de distribució,,KB24A,Puesta a tierra de s,Conductor Cobre,,PSAD56,19,185141.840,5702886.352,-38.76920260,-72.62608350
18,9214733,9214723,transformador_dx,Inst. de distribució,38936692,KC24A,Puesta a tierra de p,Conductor Cobre,,PSAD56,19,185183.598,5702896.664,-38.76912480,-72.62559910
18,9231655,9231657,equipo,Inst. de distribució,39359789,KC24A,Puesta a tierra de p,Conductor Cobre,,PSAD56,19,175149.673,5700141.528,-38.79026240,-72.74215060
18,9234461,9234459,equipo,Inst. de distribució,38587957,KC24A,Puesta a tierra de p,Conductor Cobre,,PSAD56,19,174827.223,5699079.937,-38.79968940,-72.74635580
18,9234471,,otro,Inst. de distribució,,KB24A,Puesta a tierra de s,Conductor Cobre,,PSAD56,19,174827.653,5699214.669,-38.79847800,-72.74628730
18,9281385,,otro,Inst. de distribució,,KC24A,Puesta a tierra de p,Conductor Cobre,,PSAD56,19,178320.933,5701919.762,-38.77543440,-72.70488480
18,9391979,,otro,Inst. de distribució,,KB24A,Puesta a tierra de s,Conductor Cobre,,PSAD56,19,182493.181,5702083.088,-38.77547720,-72.65687880
18,9413072,,otro,Inst. de distribució,,KB24A,Puesta a tierra de s,Conductor Cobre,,PSAD56,19,182604.101,5701663.723,-38.77928850,-72.65579730
18,9426874,,otro,Inst. de prop. terce,,KC24A,Puesta a tierra de p,Conductor Cobre,,PSAD56,19,183252.451,5702563.618,-38.77142870,-72.64793570
18,9426937,9426949,transformador_dx,Inst. de prop. terce,,KC24A,Puesta a tierra de p,Conductor Cobre,,PSAD56,19,182917.248,5703136.956,-38.76615230,-72.65152320
18,9428363,,otro,Inst. de distribució,,KB24A,Puesta a tierra de s,Conductor Cobre,,PSAD56,19,184576.500,5702742.596,-38.77029350,-72.63264360
18,9428371,9428367,transformador_dx,Inst. de distribució,38225409,KC24A,Puesta a tierra de p,Conductor Cobre,,PSAD56,19,184619.873,5702753.708,-38.77020910,-72.63214020
18,9456755,,otro,Inst. de distribució,,KB24A,Puesta a tierra de s,Conductor Cobre,,PSAD56,19,176838.338,5700526.077,-38.78742500,-72.72256840
18,9463979,9463972,equipo,Inst. de distribució,,KC24A,Puesta a tierra de p,Conductor Cobre,,PSAD56,19,180363.885,5701929.696,-38.77608770,-72.68141120
18,9463983,9463972,equipo,Inst. de distribució,,KB24A,Puesta a tierra de s,Conductor Cobre,,PSAD56,19,180363.885,5701929.696,-38.77608770,-72.68141120
18,9482250,1717220125,transformador_dx,Inst. de distribució,39359854,KC24A,Puesta a tierra de p,Conductor Cobre,,PSAD56,19,181088.008,5702092.627,-38.77488450,-72.67301710
18,9482286,,otro,Inst. de distribució,,KB24A,Puesta a tierra de s,Conductor Cobre,,PSAD56,19,181107.805,5701933.006,-38.77632710,-72.67286340
18,9482292,,otro,Inst. de distribució,,KB24A,Puesta a tierra de s,Conductor Cobre,,PSAD56,19,181123.740,5701764.399,-38.77784920,-72.67275820
18,9492700,9492800,transformador_dx,Inst. de distribució,,KC24A,Puesta a tierra de p,Conductor Cobre,,PSAD56,19,185618.802,5703008.076,-38.76827800,-72.62054900
18,9492712,9492800,transformador_dx,Inst. de distribució,,KB24A,Puesta a tierra de s,Conductor Cobre,,PSAD56,19,185618.802,5703008.076,-38.76827800,-72.62054900
18,9499301,1717301108,transformador_dx,Inst. de distribució,38499990,KC24A,Puesta a tierra de p,Conductor Cobre,,PSAD56,19,179023.176,5700802.889,-38.78573370,-72.69733690
18,9501952,8246832,transformador_dx,Inst. de distribució,37951869,KB24A,Puesta a tierra de s,Conductor Cobre,,PSAD56,19,175515.103,5699422.664,-38.79686110,-72.73829010
18,9501960,,otro,Inst. de distribució,,KB24A,Puesta a tierra de s,Conductor Cobre,,PSAD56,19,175447.189,5699405.441,-38.79699090,-72.73907860
18,9505039,,otro,Inst. de distribució,,KB24A,Puesta a tierra de s,Conductor Cobre,,PSAD56,19,178197.997,5700797.558,-38.78548090,-72.70682010
18,9505111,,otro,Inst. de distribució,,KC24A,Puesta a tierra de p,Conductor Cobre,,PSAD56,19,178041.756,5700803.827,-38.78536750,-72.70861230
18,9505119,,otro,Inst. de distribució,,KC24A,Puesta a tierra de p,Conductor Cobre,,PSAD56,19,177953.702,5700803.887,-38.78533480,-72.70962390
18,9508997,9508998,equipo,Inst. de prop. terce,38938950,KC24A,Puesta a tierra de p,Conductor Cobre,,PSAD56,19,174794.579,5699015.504,-38.80025670,-72.74676130
18,9509652,432216,equipo,Inst. de distribució,39095534,KC24A,Puesta a tierra de p,Conductor Cobre,,PSAD56,19,173394.543,5697804.297,-38.81063000,-72.76342260
18,9509746,,otro,Inst. de distribució,,KC24A,Puesta a tierra de p,Conductor Cobre,,PSAD56,19,172759.978,5696955.776,-38.81802430,-72.77111810
18,9515842,,otro,Inst. de distribució,,KB24A,Puesta a tierra de s,Conductor Cobre,,PSAD56,19,180731.704,5702099.773,-38.77469140,-72.67710700
18,9515861,1717330277,transformador_dx,Inst. de distribució,37773312,KC24A,Puesta a tierra de p,Conductor Cobre,,PSAD56,19,180712.320,5702098.670,-38.77469430,-72.67733020
18,9707713,9707682,equipo,Inst. de prop. terce,39633910,KC24A,Puesta a tierra de p,Conductor Cobre,,PSAD56,19,173490.339,5701009.899,-38.78184120,-72.76080450
18,9709793,9709806,transformador_dx,Inst. de prop. terce,,KC24A,Puesta a tierra de p,Conductor Cobre,,PSAD56,19,176498.503,5701766.530,-38.77614590,-72.72589160
18,9709804,9709795,equipo,Inst. de prop. terce,40264735,KC24A,Puesta a tierra de p,Conductor Cobre,,PSAD56,19,176500.083,5701745.731,-38.77633350,-72.72588320
18,9862280,9862141,transformador_dx,Inst. de distribució,38290440,KC24A,Puesta a tierra de p,Conductor Cobre,,PSAD56,19,176220.067,5700457.333,-38.78781630,-72.72970410
18,9862332,,otro,Inst. de distribució,,KB24A,Puesta a tierra de s,Conductor Cobre,,PSAD56,19,176203.103,5700474.011,-38.78766010,-72.72989120
18,9863242,,otro,Inst. de distribució,,KB24A,Puesta a tierra de s,Conductor Cobre,,PSAD56,19,175827.113,5701571.689,-38.77765150,-72.73369550
18,9863321,,otro,Inst. de distribució,,KB24A,Puesta a tierra de s,Conductor Cobre,,PSAD56,19,171090.143,5700908.318,-38.78186280,-72.78842540
18,9863322,,otro,Inst. de distribució,,KB24A,Puesta a tierra de s,Conductor Cobre,,PSAD56,19,171067.540,5700900.679,-38.78192300,-72.78868870
18,9863328,9866559,transformador_dx,Inst. de distribució,40092130,KC24A,Puesta a tierra de p,Conductor Cobre,,PSAD56,19,171099.589,5700925.220,-38.78171430,-72.78830890
18,9866703,,otro,Inst. de distribució,,KB24A,Puesta a tierra de s,Conductor Cobre,,PSAD56,19,174289.988,5700726.938,-38.78468120,-72.75175160
18,9901586,,otro,Inst. de distribució,,KB24A,Puesta a tierra de s,Conductor Cobre,,PSAD56,19,179170.350,5700684.772,-38.78684950,-72.69570090
18,1716157569,,otro,Inst. de distribució,,KB24A,Puesta a tierra de s,Conductor Cobre,,PSAD56,19,182728.146,5701801.627,-38.77809290,-72.65430880
18,1716159502,,otro,Inst. de distribució,,KB24A,Puesta a tierra de s,Conductor Cobre,,PSAD56,19,177956.538,5700588.617,-38.78727170,-72.70969180
18,1716162594,9200749,transformador_dx,Inst. de distribució,,KC24A,Puesta a tierra de p,Conductor Cobre,,PSAD56,19,184397.767,5702673.289,-38.77085290,-72.63472850
18,1716178460,,otro,Inst. de distribució,,KB24A,Puesta a tierra de s,Conductor Cobre,,PSAD56,19,185748.872,5703042.220,-38.76801720,-72.61903920
18,1716178539,1716018519,equipo,Inst. de distribució,38552354,KC24A,Puesta a tierra de p,Conductor Cobre,,PSAD56,19,184393.952,5702695.847,-38.77064860,-72.63476200
18,1716178540,1716018517,equipo,Inst. de distribució,36769476,KC24A,Puesta a tierra de p,Conductor Cobre,,PSAD56,19,184399.082,5702658.528,-38.77098610,-72.63472010
18,1716178612,,otro,Inst. de distribució,,KB24A,Puesta a tierra de s,Conductor Cobre,,PSAD56,19,176118.769,5700429.361,-38.78803070,-72.73088110
18,1716187597,1716975451,transformador_dx,Inst. de distribució,39990052,KC24A,Puesta a tierra de p,Conductor Cobre,,PSAD56,19,171664.877,5698904.141,-38.80009780,-72.78277670
18,1716187599,,otro,Inst. de distribució,,KC24A,Puesta a tierra de p,Conductor Cobre,,PSAD56,19,172877.652,5701064.031,-38.78112740,-72.76781730
18,1716187601,1716975453,transformador_dx,Inst. de distribució,36731827,KC24A,Puesta a tierra de p,Conductor Cobre,,PSAD56,19,172834.642,5701063.308,-38.78111800,-72.76831170
18,1716189760,,otro,Inst. de distribució,,KC24A,Puesta a tierra de p,Conductor Cobre,,PSAD56,19,171511.779,5701002.010,-38.78117750,-72.78353730
18,1716189762,,otro,Inst. de distribució,,KC24A,Puesta a tierra de p,Conductor Cobre,,PSAD56,19,171815.392,5701086.564,-38.78053020,-72.78000930
18,1716189764,,otro,Inst. de distribució,,KC24A,Puesta a tierra de p,Conductor Cobre,,PSAD56,19,171354.554,5700856.362,-38.78242850,-72.78541270
18,1716479317,1716479284,transformador_dx,Inst. de distribució,37410697,KC24A,Puesta a tierra de p,Conductor Cobre,,PSAD56,19,178640.076,5699817.779,-38.79445280,-72.70219730
18,1716479323,,otro,Inst. de distribució,,KB24A,Puesta a tierra de s,Conductor Cobre,,PSAD56,19,178633.434,5699762.468,-38.79494780,-72.70229930
18,1716494407,,otro,Inst. de prop. terce,,KC24A,Puesta a tierra de p,Conductor Cobre,,PSAD56,19,184966.298,5702831.492,-38.76963330,-72.62812510
18,1716529332,,otro,Inst. de prop. terce,,KC24A,Puesta a tierra de p,Conductor Cobre,,PSAD56,19,174839.897,5699054.993,-38.79991840,-72.74622190
18,1716530134,1716530156,transformador_dx,Inst. de prop. terce,,KC24A,Puesta a tierra de p,Conductor Cobre,,PSAD56,19,177627.398,5701857.079,-38.77574490,-72.71288110
18,1716530135,1716530141,equipo,Inst. de prop. terce,37076913,KC24A,Puesta a tierra de p,Conductor Cobre,,PSAD56,19,177634.470,5701857.253,-38.77574590,-72.71279970
18,1716542611,,otro,Inst. de distribució,,KB24A,Puesta a tierra de s,Conductor Cobre,,PSAD56,19,174398.546,5701253.171,-38.77998940,-72.75025630
18,1716580249,2186511,equipo,Inst. de distribució,38102760,KC24A,Puesta a tierra de p,Conductor Cobre,,PSAD56,19,184268.584,5702681.327,-38.77073440,-72.63620880
18,1716580251,,otro,Inst. de distribució,,KC24A,Puesta a tierra de p,Conductor Cobre,,PSAD56,19,184420.065,5702725.841,-38.77038820,-72.63444830
18,1716581511,,otro,Inst. de distribució,,KC24A,Puesta a tierra de p,Conductor Cobre,,PSAD56,19,185836.293,5703065.045,-38.76784310,-72.61802460
18,1716586590,,otro,Inst. de distribució,,KB24A,Puesta a tierra de s,Conductor Cobre,,PSAD56,19,171534.827,5698983.347,-38.79933720,-72.78423330
18,1716690844,,otro,Inst. de distribució,,KB24A,Puesta a tierra de s,Conductor Cobre,,PSAD56,19,179429.884,5702085.853,-38.77434450,-72.69206840
18,1716693314,,otro,Inst. de distribució,,KB24A,Puesta a tierra de s,Conductor Cobre,,PSAD56,19,175167.982,5701311.413,-38.77974940,-72.74138970
18,1716693330,1716693334,transformador_dx,Inst. de distribució,37957084,KC24A,Puesta a tierra de p,Conductor Cobre,,PSAD56,19,175180.266,5701252.693,-38.78028200,-72.74127620
18,1716739426,1716739433,equipo,Inst. de prop. terce,37700190,KC24A,Puesta a tierra de p,Conductor Cobre,,PSAD56,19,180858.212,5702080.773,-38.77490800,-72.67566250
18,1716744171,,otro,Inst. de distribució,,KB24A,Puesta a tierra de s,Conductor Cobre,,PSAD56,19,179978.366,5701629.513,-38.77864730,-72.68597910
18,1716762105,1716762086,transformador_dx,Inst. de distribució,38036209,KC24A,Puesta a tierra de p,Conductor Cobre,,PSAD56,19,182918.689,5702862.354,-38.76862230,-72.65163270
18,1716958260,,otro,Inst. de distribució,,KB24A,Puesta a tierra de s,Conductor Cobre,,PSAD56,19,171182.904,5700289.498,-38.78746160,-72.78765460
18,1716958312,,otro,Inst. de distribució,,KB24A,Puesta a tierra de s,Conductor Cobre,,PSAD56,19,171844.742,5700200.625,-38.78850720,-72.78009330
18,1716958893,,otro,Inst. de distribució,,KB24A,Puesta a tierra de s,Conductor Cobre,,PSAD56,19,171860.888,5700859.312,-38.78259050,-72.77959470
18,1716958898,,otro,Inst. de distribució,,KB24A,Puesta a tierra de s,Conductor Cobre,,PSAD56,19,171941.253,5700857.824,-38.78263380,-72.77867220
18,1716958901,,otro,Inst. de distribució,,KB24A,Puesta a tierra de s,Conductor Cobre,,PSAD56,19,171919.922,5700926.614,-38.78200730,-72.77888450
18,1716958924,,otro,Inst. de distribució,,KB24A,Puesta a tierra de s,Conductor Cobre,,PSAD56,19,171682.748,5698914.387,-38.80001230,-72.78256650
18,1716958939,,otro,Inst. de distribució,,KB24A,Puesta a tierra de s,Conductor Cobre,,PSAD56,19,171723.328,5699210.461,-38.79736530,-72.78195930
18,1716959005,,otro,Inst. de distribució,,KB24A,Puesta a tierra de s,Conductor Cobre,,PSAD56,19,172557.177,5701040.735,-38.78121800,-72.77150980
18,1716959036,,otro,Inst. de distribució,,KB24A,Puesta a tierra de s,Conductor Cobre,,PSAD56,19,172780.766,5700873.998,-38.78280020,-72.76902030
18,1716968546,,otro,Inst. de distribució,,KB24A,Puesta a tierra de s,Conductor Cobre,,PSAD56,19,181447.262,5700422.217,-38.79003610,-72.66966090
18,1716968549,1716968531,transformador_dx,Inst. de distribució,35915925,KC24A,Puesta a tierra de p,Conductor Cobre,,PSAD56,19,181421.960,5700432.324,-38.78993600,-72.66994700
18,1716998926,,otro,Inst. de distribució,,KB24A,Puesta a tierra de s,Conductor Cobre,,PSAD56,19,180957.710,5700918.606,-38.78539510,-72.67505650
18,1716999012,1716999010,transformador_dx,Inst. de distribució,160964944,KC24A,Puesta a tierra de p,Conductor Cobre,,PSAD56,19,182533.707,5702317.353,-38.77338500,-72.65630560
18,1716999050,,otro,Inst. de distribució,,KB24A,Puesta a tierra de s,Conductor Cobre,,PSAD56,19,182503.675,5702337.207,-38.77319570,-72.65664140
18,1716999052,,otro,Inst. de distribució,,KB24A,Puesta a tierra de s,Conductor Cobre,,PSAD56,19,182445.697,5702373.245,-38.77285070,-72.65729090
18,1716999205,,otro,Inst. de distribució,,KB24A,Puesta a tierra de s,Conductor Cobre,,PSAD56,19,182947.097,5701332.448,-38.78239100,-72.65200880
18,1716999711,,otro,Inst. de distribució,,KB24A,Puesta a tierra de s,Conductor Cobre,,PSAD56,19,181982.177,5700337.937,-38.79098710,-72.66355330
18,1716999915,,otro,Inst. de distribució,,KB24A,Puesta a tierra de s,Conductor Cobre,,PSAD56,19,183145.296,5702583.599,-38.77121060,-72.64915750
18,1716999930,,otro,Inst. de distribució,,KB24A,Puesta a tierra de s,Conductor Cobre,,PSAD56,19,183244.484,5702601.033,-38.77108940,-72.64801010
18,1717011587,1717011592,equipo,Inst. de distribució,39515896,KC24A,Puesta a tierra de p,Conductor Cobre,,PSAD56,19,169418.868,5700800.206,-38.78221010,-72.80767570
18,1717011603,1717011607,equipo,Inst. de distribució,40057060,KC24A,Puesta a tierra de p,Conductor Cobre,,PSAD56,19,169521.534,5700840.446,-38.78188670,-72.80647710
18,1717011665,,otro,Inst. de distribució,,KB24A,Puesta a tierra de s,Conductor Cobre,,PSAD56,19,177317.024,5701899.911,-38.77524630,-72.71642650
18,1717204663,,otro,Inst. de distribució,,KB24A,Puesta a tierra de s,Conductor Cobre,,PSAD56,19,181561.541,5700757.303,-38.78706400,-72.66819320
18,1717242105,1717256448,transformador_dx,Inst. de distribució,40246334,KC24A,Puesta a tierra de p,Conductor Cobre,,PSAD56,19,185792.474,5703053.380,-38.76793240,-72.61853330
18,1717259719,1717259722,transformador_dx,Inst. de distribució,38518389,KC24A,Puesta a tierra de p,Conductor Cobre,,PSAD56,19,173901.547,5698201.962,-38.80724210,-72.75740770
18,1717259730,,otro,Inst. de distribució,,KB24A,Puesta a tierra de s,Conductor Cobre,,PSAD56,19,173965.068,5698253.462,-38.80680250,-72.75665340
18,1717271118,,otro,Inst. de distribució,,KB24A,Puesta a tierra de s,Conductor Cobre,,PSAD56,19,176547.866,5701749.810,-38.77631430,-72.72533230
18,1717272457,,otro,Inst. de distribució,,KC24A,Puesta a tierra de p,Conductor Cobre,,PSAD56,19,186209.560,5704372.095,-38.75622110,-72.61314310
18,1717283133,,otro,Inst. de distribució,,KB24A,Puesta a tierra de s,Conductor Cobre,,PSAD56,19,183275.003,5702596.513,-38.77114100,-72.64766160
18,1717283142,1716999825,transformador_dx,Inst. de distribució,39191653,KC24A,Puesta a tierra de p,Conductor Cobre,,PSAD56,19,183299.014,5702624.640,-38.77089670,-72.64737280
18,1717283160,1716999825,transformador_dx,Inst. de distribució,39191653,KB24A,Puesta a tierra de s,Conductor Cobre,,PSAD56,19,183299.014,5702624.640,-38.77089670,-72.64737280
18,1717283190,441508,transformador_dx,Inst. de distribució,39153561,KC24A,Puesta a tierra de p,Conductor Cobre,,PSAD56,19,183440.473,5702648.185,-38.77073570,-72.64573700
18,1717286586,,otro,Inst. de distribució,,KB24A,Puesta a tierra de s,Conductor Cobre,,PSAD56,19,183024.171,5702861.664,-38.76866640,-72.65042130
18,1717286603,,otro,Inst. de distribució,,KB24A,Puesta a tierra de s,Conductor Cobre,,PSAD56,19,183100.623,5702815.425,-38.76910970,-72.64956430
18,1717318286,,otro,Inst. de distribució,,KB24A,Puesta a tierra de s,Conductor Cobre,,PSAD56,19,175882.900,5700609.122,-38.78632750,-72.73350660
18,1717318320,1717318300,transformador_dx,Inst. de distribució,39407618,KC24A,Puesta a tierra de p,Conductor Cobre,,PSAD56,19,175892.104,5700538.787,-38.78696340,-72.73343390
18,1717325859,,otro,Inst. de distribució,,KB24A,Puesta a tierra de s,Conductor Cobre,,PSAD56,19,177523.629,5701928.031,-38.77506890,-72.71404000
